Date,IWDA.AS,EXSA.DE,EMIM.AS,IEAG.AS,IBGL.AS,4GLD.DE
2014-08-18,31.100000381469727,23.834733963012695,19.700000762939453,100.40830993652344,160.2184600830078,31.270000457763672
2014-08-19,31.28499984741211,23.982730865478516,19.889999389648438,100.52791595458984,160.8965606689453,31.260000228881836
2014-08-20,31.3799991607666,23.97568702697754,19.969999313354492,100.64749908447266,161.5507354736328,31.280000686645508
2014-08-21,31.53499984741211,24.123682022094727,19.829999923706055,100.65603637695312,161.59059143066406,30.920000076293945
2014-08-22,31.559999465942383,24.06730079650879,19.889999389648438,100.75000762939453,162.0692901611328,31.110000610351562
2014-08-25,31.875,24.454914093017578,20.040000915527344,101.06603240966797,163.0505828857422,31.079999923706055
2014-08-26,31.915000915527344,24.511295318603516,20.200000762939453,101.18562316894531,164.15150451660156,31.270000457763672
2014-08-27,31.8799991607666,24.560630798339844,20.270000457763672,101.3564682006836,165.1328125,31.229999542236328
2014-08-28,31.809999465942383,24.398530960083008,20.1200008392334,101.31376647949219,165.15670776367188,31.5
2014-08-29,31.934999465942383,24.426725387573242,20.219999313354492,101.29667663574219,164.89346313476562,31.469999313354492
2014-09-01,32.01499938964844,24.483095169067383,20.31999969482422,101.29667663574219,164.30308532714844,31.510000228881836
2014-09-02,32.040000915527344,24.497203826904297,20.190000534057617,101.10021209716797,163.05853271484375,30.989999771118164
2014-09-03,32.099998474121094,24.652250289916992,20.450000762939453,100.98915100097656,162.38839721679688,31.020000457763672
2014-09-04,32.54999923706055,24.913000106811523,20.770000457763672,101.20269775390625,162.5240020751953,31.489999771118164
2014-09-05,32.36000061035156,24.821395874023438,20.709999084472656,101.45042419433594,163.71270751953125,31.43000030517578
2014-09-08,32.439998626708984,24.708629608154297,20.739999771118164,101.37353515625,163.1144256591797,31.149999618530273
2014-09-09,32.345001220703125,24.624053955078125,20.559999465942383,101.02333068847656,161.47093200683594,31.229999542236328
2014-09-10,32.29499816894531,24.638151168823242,20.280000686645508,100.94645690917969,160.98431396484375,31.079999923706055
2014-09-11,32.26499938964844,24.58881950378418,20.239999771118164,100.90373229980469,160.79283142089844,30.739999771118164
2014-09-12,32.189998626708984,24.595863342285156,20.030000686645508,100.74146270751953,160.48171997070312,30.56999969482422
2014-09-15,32.06999969482422,24.595806121826172,19.93000030517578,100.8012466430664,160.70509338378906,30.6299991607666
2014-09-16,32.165000915527344,24.496084213256836,20.100000381469727,100.72437286376953,160.17855834960938,30.649999618530273
2014-09-17,32.220001220703125,24.595806121826172,20.100000381469727,100.91230010986328,160.99229431152344,30.670000076293945
2014-09-18,32.51499938964844,24.880725860595703,20.06999969482422,100.78414916992188,160.54554748535156,30.530000686645508
2014-09-19,32.65999984741211,24.930583953857422,20.06999969482422,101.05748748779297,161.7741241455078,30.5
2014-09-22,32.44499969482422,24.781002044677734,19.770000457763672,101.15998840332031,162.2447967529297,30.450000762939453
2014-09-23,32.185001373291016,24.481840133666992,19.6299991607666,101.15998840332031,162.80323791503906,30.579999923706055
2014-09-24,32.435001373291016,24.667036056518555,19.889999389648438,101.24540710449219,163.0505828857422,30.600000381469727
2014-09-25,32.23500061035156,24.410602569580078,19.670000076293945,101.38209533691406,163.28195190429688,30.790000915527344
2014-09-26,32.30500030517578,24.5174560546875,19.739999771118164,101.3308334350586,163.58506774902344,30.790000915527344
2014-09-29,32.29499816894531,24.431974411010742,19.43000030517578,101.32230377197266,163.5771026611328,30.84000015258789
2014-09-30,32.53499984741211,24.503206253051758,19.549999237060547,101.47604370117188,164.0318145751953,30.850000381469727
2014-10-01,32.22999954223633,24.339372634887695,19.389999389648438,101.71521759033203,165.2364959716797,31.030000686645508
2014-10-02,31.575000762939453,23.769529342651367,19.020000457763672,101.62125396728516,164.77378845214844,30.8700008392334
2014-10-03,32.279998779296875,23.769529342651367,19.459999084472656,101.58708190917969,164.83755493164062,30.8700008392334
2014-10-06,32.2599983215332,24.047334671020508,19.75,101.61270904541016,164.7977294921875,30.719999313354492
2014-10-07,31.81999969482422,23.655569076538086,19.56999969482422,101.57857513427734,164.4785919189453,30.829999923706055
2014-10-08,31.485000610351562,23.463239669799805,19.329999923706055,101.60417175292969,164.77378845214844,30.6200008392334
2014-10-09,31.625,23.37064552307129,19.43000030517578,101.62977600097656,164.9732208251953,31.010000228881836
2014-10-10,31.149999618530273,23.028736114501953,19.15999984741211,101.69812774658203,165.2444610595703,31.100000381469727
2014-10-13,30.885000228881836,23.000246047973633,19.190000534057617,101.61270904541016,164.70997619628906,31.200000762939453
2014-10-14,30.78499984741211,23.021615982055664,19.1200008392334,101.86042022705078,166.0103302001953,31.290000915527344
2014-10-15,29.875,22.344928741455078,18.59000015258789,102.01417541503906,166.79212951660156,31.299999237060547
2014-10-16,30.014999389648438,22.209590911865234,18.579999923706055,101.45042419433594,164.43072509765625,31.18000030517578
2014-10-17,30.655000686645508,22.829299926757812,18.93000030517578,101.41626739501953,163.8882293701172,31.09000015258789
2014-10-20,30.579999923706055,22.70820426940918,18.829999923706055,101.31376647949219,163.1063995361328,31.299999237060547
2014-10-21,31.2450008392334,23.164077758789062,19.040000915527344,101.33938598632812,163.4414825439453,31.6200008392334
2014-10-22,31.625,23.39200782775879,19.100000381469727,101.3479232788086,163.58506774902344,31.610000610351562
2014-10-23,31.7549991607666,23.520227432250977,19.079999923706055,101.3051986694336,163.0984344482422,31.239999771118164
2014-10-24,31.704999923706055,23.44900131225586,19.1299991607666,101.32230377197266,163.3616943359375,31.229999542236328
2014-10-27,31.565000534057617,23.270919799804688,18.790000915527344,101.42479705810547,163.67283630371094,31.09000015258789
2014-10-28,31.7549991607666,23.505983352661133,19.139999389648438,101.42479705810547,163.8243865966797,31.020000457763672
2014-10-29,31.875,23.541597366333008,19.299999237060547,101.39063262939453,163.76060485839844,30.829999923706055
2014-10-30,32.244998931884766,23.71254539489746,19.489999771118164,101.56146240234375,164.81982421875,30.549999237060547
2014-10-31,32.91999816894531,24.139934539794922,19.700000762939453,101.78355407714844,165.6048583984375,29.93000030517578
2014-11-03,33.0,23.933359146118164,19.649999618530273,101.66397094726562,164.9169158935547,30.1200008392334
2014-11-04,32.540000915527344,23.662689208984375,19.5,101.80918884277344,165.57254028320312,29.940000534057617
2014-11-05,32.959999084472656,24.068696975708008,19.549999237060547,101.72374725341797,164.66600036621094,29.600000381469727
2014-11-06,33.165000915527344,24.090070724487305,19.520000457763672,101.7664566040039,164.77122497558594,29.68000030517578
2014-11-07,33.21500015258789,24.011707305908203,19.520000457763672,101.81771087646484,165.0302276611328,30.15999984741211
2014-11-10,33.334999084472656,24.161300659179688,19.649999618530273,101.86896514892578,165.40255737304688,30.030000686645508
2014-11-11,33.35499954223633,24.239656448364258,19.450000762939453,101.92874145507812,165.69395446777344,30.049999237060547
2014-11-12,33.185001373291016,24.047334671020508,19.530000686645508,101.9885482788086,165.94485473632812,30.040000915527344
2014-11-13,33.21500015258789,24.0544490814209,19.43000030517578,102.00563049316406,166.1309814453125,30.030000686645508
2014-11-14,33.20500183105469,24.040205001831055,19.420000076293945,102.1252212524414,166.4628448486328,30.25
2014-11-17,33.21500015258789,24.161300659179688,19.3700008392334,102.08251190185547,166.41424560546875,30.579999923706055
2014-11-18,33.314998626708984,24.268146514892578,19.31999969482422,102.03125762939453,166.06622314453125,30.6200008392334
2014-11-19,33.17499923706055,24.332250595092773,19.3799991607666,101.85187530517578,165.41064453125,30.209999084472656
2014-11-20,33.275001525878906,24.32512855529785,19.399999618530273,102.0227279663086,166.1390838623047,30.530000686645508
2014-11-21,33.904998779296875,24.78812599182129,20.010000228881836,102.28755187988281,167.14266967773438,31.229999542236328
2014-11-24,33.81999969482422,24.8023681640625,19.899999618530273,102.29605865478516,167.29647827148438,30.959999084472656
2014-11-25,33.76499938964844,24.89497184753418,19.780000686645508,102.4668960571289,167.97634887695312,30.90999984741211
2014-11-26,33.7400016784668,24.845108032226562,19.899999618530273,102.49252319335938,168.64813232421875,30.790000915527344
2014-11-27,33.81999969482422,24.916336059570312,19.90999984741211,102.79146575927734,170.38829040527344,30.68000030517578
2014-11-28,33.849998474121094,24.959077835083008,19.700000762939453,102.8342056274414,171.22193908691406,30.530000686645508
2014-12-01,33.5,24.8023681640625,19.280000686645508,102.75731658935547,171.22996520996094,31.0
2014-12-02,33.845001220703125,24.92346954345703,19.479999542236328,102.6462631225586,170.8577117919922,31.100000381469727
2014-12-03,34.14500045776367,25.101543426513672,19.670000076293945,102.74022674560547,171.2057342529297,31.610000610351562
2014-12-04,33.685001373291016,24.78812599182129,19.469999313354492,102.57792663574219,170.60679626464844,31.290000915527344
2014-12-05,34.21500015258789,25.194135665893555,19.6200008392334,102.6548080444336,171.23809814453125,31.209999084472656
2014-12-08,34.07500076293945,25.001819610595703,19.479999542236328,102.85980224609375,172.40362548828125,31.209999084472656
2014-12-09,33.310001373291016,24.424854278564453,19.010000228881836,102.8342056274414,172.614013671875,31.8700008392334
2014-12-10,33.209999084472656,24.37498664855957,18.850000381469727,102.7743911743164,172.54922485351562,31.790000915527344
2014-12-11,33.380001068115234,24.360742568969727,18.770000457763672,102.7743911743164,172.6464080810547,31.860000610351562
2014-12-12,32.560001373291016,23.77665901184082,18.350000381469727,102.91105651855469,173.75523376464844,31.540000915527344
2014-12-15,32.084999084472656,23.177291870117188,18.059999465942383,102.97085571289062,174.2246551513672,31.389999389648438
2014-12-16,32.474998474121094,23.692340850830078,18.219999313354492,103.0477294921875,174.9450225830078,30.829999923706055
2014-12-17,32.39500045776367,23.627958297729492,18.31999969482422,103.15025329589844,175.00975036621094,30.959999084472656
2014-12-18,33.435001373291016,24.371929168701172,18.81999969482422,103.1927261352539,174.83169555664062,31.31999969482422
2014-12-19,33.91999816894531,24.500686645507812,19.030000686645508,103.25303649902344,174.96121215820312,31.489999771118164
2014-12-22,33.994998931884766,24.615144729614258,19.170000076293945,103.27887725830078,175.30113220214844,31.049999237060547
2014-12-23,34.31999969482422,24.65090560913086,19.15999984741211,103.30475616455078,175.0259552001953,31.100000381469727
2014-12-24,34.369998931884766,24.65090560913086,19.290000915527344,103.37367248535156,175.41441345214844,31.100000381469727
2014-12-29,34.44499969482422,24.76535987854004,19.389999389648438,103.43399810791016,176.10244750976562,31.15999984741211
2014-12-30,34.23500061035156,24.500686645507812,19.299999237060547,103.59773254394531,176.7822723388672,31.309999465942383
2014-12-31,34.3650016784668,24.500686645507812,19.440000534057617,103.70977020263672,176.83895874023438,31.309999465942383
2015-01-02,34.25,24.464920043945312,19.329999923706055,103.96826934814453,179.0242462158203,31.809999465942383
2015-01-05,33.875,23.98563575744629,19.229999542236328,103.83901977539062,178.0206298828125,32.25
2015-01-06,33.54999923706055,23.68518829345703,19.139999389648438,104.13199615478516,180.55393981933594,32.66999816894531
2015-01-07,34.04499816894531,23.899797439575195,19.6299991607666,103.8907241821289,179.25083923339844,33.029998779296875
2015-01-08,34.77000045776367,24.565067291259766,20.030000686645508,103.8907241821289,178.8380889892578,33.08000183105469
2015-01-09,34.415000915527344,24.300390243530273,19.889999389648438,103.91659545898438,178.86233520507812,33.09000015258789
2015-01-12,34.34000015258789,24.407690048217773,19.829999923706055,104.08031463623047,179.9064483642578,33.380001068115234
2015-01-13,34.76499938964844,24.779672622680664,20.149999618530273,104.11476135253906,179.98741149902344,33.81999969482422
2015-01-14,34.0099983215332,24.429149627685547,19.790000915527344,104.3560562133789,181.56565856933594,33.75
2015-01-15,34.80500030517578,25.03719711303711,20.34000015258789,104.4336166381836,181.17715454101562,35.040000915527344
2015-01-16,35.064998626708984,25.26610565185547,20.450000762939453,104.63182067871094,182.67446899414062,35.75
2015-01-19,35.0099983215332,25.3018741607666,20.15999984741211,104.6490707397461,183.1681671142578,35.279998779296875
2015-01-20,35.165000915527344,25.523639678955078,20.3700008392334,104.5628662109375,182.99822998046875,36.0
2015-01-21,35.439998626708984,25.75254249572754,20.639999389648438,104.39913940429688,181.41995239257812,35.77000045776367
2015-01-22,36.10499954223633,26.06014633178711,21.1299991607666,104.8472671508789,185.094482421875,36.689998626708984
2015-01-23,36.71500015258789,26.54658317565918,21.610000610351562,105.27812194824219,188.51812744140625,36.810001373291016
2015-01-26,36.720001220703125,26.739723205566406,21.540000915527344,105.20056915283203,189.85357666015625,36.4900016784668
2015-01-27,36.224998474121094,26.596656799316406,21.219999313354492,105.20917510986328,189.31942749023438,36.61000061035156
2015-01-28,36.35499954223633,26.596656799316406,21.25,105.20056915283203,189.10084533691406,36.5099983215332
2015-01-29,36.01499938964844,26.54658317565918,21.020000457763672,105.2177963256836,188.72854614257812,35.86000061035156
2015-01-30,36.11000061035156,26.453582763671875,20.780000686645508,105.51940155029297,190.54962158203125,36.349998474121094
2015-02-02,36.064998626708984,26.460737228393555,20.90999984741211,105.46769714355469,190.8653106689453,36.150001525878906
2015-02-03,36.08000183105469,26.639585494995117,20.989999771118164,105.3901596069336,190.52532958984375,35.279998779296875
2015-02-04,36.5,26.81842041015625,21.25,105.42460632324219,190.75196838378906,35.540000915527344
2015-02-05,36.64500045776367,26.804113388061523,21.18000030517578,105.44182586669922,190.79246520996094,35.47999954223633
2015-02-06,36.974998474121094,26.832727432250977,21.1200008392334,105.37289428710938,190.32301330566406,35.02000045776367
2015-02-09,36.73500061035156,26.653884887695312,21.049999237060547,105.29534149169922,189.4407958984375,35.25
2015-02-10,36.849998474121094,26.825576782226562,20.989999771118164,105.22640991210938,189.14134216308594,35.150001525878906
2015-02-11,36.95000076293945,26.746868133544922,20.829999923706055,105.26087951660156,189.22227478027344,34.84000015258789
2015-02-12,37.005001068115234,26.990095138549805,21.030000686645508,105.476318359375,190.50108337402344,34.59000015258789
2015-02-13,37.23500061035156,27.104551315307617,21.299999237060547,105.51940155029297,190.6062774658203,34.650001525878906
2015-02-16,37.29499816894531,27.111713409423828,21.270000457763672,105.42460632324219,190.0640106201172,34.790000915527344
2015-02-17,37.314998626708984,27.118860244750977,21.209999084472656,105.29534149169922,189.41653442382812,34.08000183105469
2015-02-18,37.54999923706055,27.369232177734375,21.290000915527344,105.27812194824219,188.71238708496094,34.0
2015-02-19,37.55500030517578,27.4908390045166,21.299999237060547,105.31257629394531,188.5747833251953,34.2400016784668
2015-02-20,37.60499954223633,27.548067092895508,21.309999465942383,105.41597747802734,188.95516967773438,34.18000030517578
2015-02-23,37.84000015258789,27.76983070373535,21.31999969482422,105.476318359375,189.23846435546875,34.09000015258789
2015-02-24,38.029998779296875,27.862831115722656,21.56999969482422,105.5021743774414,189.6026611328125,33.91999816894531
2015-02-25,37.959999084472656,27.812747955322266,21.43000030517578,105.73484802246094,191.0271453857422,34.13999938964844
2015-02-26,38.42499923706055,28.14181137084961,21.84000015258789,106.07952880859375,193.11534118652344,34.75
2015-02-27,38.39500045776367,28.241968154907227,21.84000015258789,105.99333953857422,192.9615478515625,34.91999816894531
2015-03-02,38.51499938964844,28.199045181274414,21.68000030517578,105.88134002685547,192.26547241210938,34.75
2015-03-03,38.22999954223633,27.920063018798828,21.530000686645508,105.769287109375,191.29425048828125,34.599998474121094
2015-03-04,38.56999969482422,28.12750244140625,21.59000015258789,105.74346160888672,191.1809539794922,34.939998626708984
2015-03-05,38.86000061035156,28.399341583251953,21.729999542236328,105.92442321777344,192.8887481689453,35.119998931884766
2015-03-06,39.03499984741211,28.406490325927734,21.690000534057617,105.90715789794922,192.67019653320312,34.72999954223633
2015-03-09,38.94499969482422,28.377872467041016,21.639999389648438,106.28633880615234,194.92828369140625,34.650001525878906
2015-03-10,38.82500076293945,28.098886489868164,21.5,106.76030731201172,198.7566375732422,34.86000061035156
2015-03-11,39.345001220703125,28.506628036499023,21.8700008392334,107.13945007324219,202.2854461669922,34.97999954223633
2015-03-12,39.54499816894531,28.528099060058594,21.979999542236328,106.96708679199219,202.12355041503906,34.880001068115234
2015-03-13,39.61000061035156,28.642553329467773,21.920000076293945,106.95849609375,201.67034912109375,35.25
2015-03-16,39.83000183105469,28.865039825439453,21.979999542236328,106.93264770507812,202.27734375,35.02000045776367
2015-03-17,39.709999084472656,28.692930221557617,22.020000457763672,106.66551208496094,200.99856567382812,34.869998931884766
2015-03-18,39.650001525878906,28.800504684448242,22.09000015258789,106.77754211425781,200.4320526123047,34.86000061035156
2015-03-19,39.95500183105469,28.879390716552734,22.1200008392334,106.89817810058594,201.2251739501953,35.36000061035156
2015-03-20,39.845001220703125,29.159069061279297,22.25,106.99295806884766,201.76748657226562,35.16999816894531
2015-03-23,39.57500076293945,28.994115829467773,21.93000030517578,106.69998931884766,200.27017211914062,34.939998626708984
2015-03-24,39.58000183105469,29.065839767456055,22.049999237060547,106.5190200805664,199.59837341308594,35.11000061035156
2015-03-25,38.939998626708984,28.73595428466797,21.780000686645508,106.63102722167969,199.76026916503906,35.09000015258789
2015-03-26,38.86000061035156,28.527984619140625,21.68000030517578,106.64828491210938,200.00308227539062,35.59000015258789
2015-03-27,38.845001220703125,28.563852310180664,21.690000534057617,106.68274688720703,199.88165283203125,35.40999984741211
2015-03-30,39.494998931884766,28.886550903320312,22.170000076293945,106.76890563964844,200.3348846435547,35.20000076293945
2015-03-31,39.560001373291016,28.700105667114258,22.290000915527344,106.98434448242188,201.92938232421875,35.56999969482422
2015-04-01,39.244998931884766,28.743127822875977,22.540000915527344,107.01020812988281,202.1802520751953,35.91999816894531
2015-04-02,39.16999816894531,28.786149978637695,22.549999237060547,106.88956451416016,201.06332397460938,35.45000076293945
2015-04-07,39.724998474121094,29.230789184570312,22.93000030517578,106.9412612915039,201.2657012939453,35.90999984741211
2015-04-08,39.79999923706055,29.273807525634766,23.43000030517578,106.99295806884766,200.8367156982422,35.83000183105469
2015-04-09,40.2400016784668,29.618045806884766,23.780000686645508,106.99295806884766,200.39154052734375,35.97999954223633
2015-04-10,40.81999969482422,29.818838119506836,24.049999237060547,107.04468536376953,200.92576599121094,36.63999938964844
2015-04-13,40.900001525878906,29.861865997314453,24.1200008392334,107.06190490722656,200.99856567382812,36.43000030517578
2015-04-14,40.525001525878906,29.782987594604492,23.93000030517578,107.0877685546875,200.74766540527344,36.06999969482422
2015-04-15,40.91999816894531,29.976606369018555,24.079999923706055,107.26012420654297,202.31787109375,36.2599983215332
2015-04-16,40.53499984741211,29.682588577270508,24.020000457763672,107.16531372070312,201.7270050048828,35.939998626708984
2015-04-17,39.880001068115234,29.144723892211914,23.59000015258789,106.97574615478516,200.87716674804688,35.939998626708984
2015-04-20,40.30500030517578,29.474624633789062,23.690000534057617,106.98434448242188,200.95811462402344,35.68000030517578
2015-04-21,40.369998931884766,29.646728515625,23.889999389648438,106.77754211425781,200.0272979736328,35.83000183105469
2015-04-22,40.470001220703125,29.58936309814453,24.030000686645508,106.78614807128906,199.90591430664062,35.68000030517578
2015-04-23,40.34000015258789,29.524822235107422,23.989999771118164,106.80339050292969,199.71168518066406,35.540000915527344
2015-04-24,40.3650016784668,29.653902053833008,24.030000686645508,106.71720886230469,198.94276428222656,34.869998931884766
2015-04-27,40.44499969482422,29.926424026489258,24.139999389648438,106.80339050292969,199.31512451171875,35.470001220703125
2015-04-28,39.970001220703125,29.503297805786133,23.969999313354492,106.78614807128906,199.1370391845703,35.54999923706055
2015-04-29,39.185001373291016,28.807662963867188,23.440000534057617,106.02781677246094,194.45079040527344,34.93000030517578
2015-04-30,38.8849983215332,28.743127822875977,23.09000015258789,105.7262191772461,193.0523223876953,33.91999816894531
2015-05-04,39.20000076293945,28.886550903320312,23.239999771118164,105.35569763183594,190.3328094482422,34.34000015258789
2015-05-05,38.625,28.413240432739258,23.049999237060547,104.5887451171875,184.92645263671875,34.36000061035156
2015-05-06,38.1150016784668,28.219600677490234,22.510000228881836,104.10613250732422,182.06813049316406,33.810001373291016
2015-05-07,38.27000045776367,28.284143447875977,22.420000076293945,104.24402618408203,183.79129028320312,33.72999954223633
2015-05-08,39.084999084472656,29.065839767456055,22.860000610351562,104.69213104248047,185.6859588623047,33.970001220703125
2015-05-11,39.21500015258789,29.252302169799805,22.8799991607666,104.3302001953125,183.4891357421875,34.06999969482422
2015-05-12,38.744998931884766,28.893728256225586,22.600000381469727,103.83039855957031,180.64712524414062,34.13999938964844
2015-05-13,38.46500015258789,28.836355209350586,22.489999771118164,103.69252014160156,179.08731079101562,34.41999816894531
2015-05-14,38.720001220703125,29.116046905517578,22.6200008392334,103.73561096191406,179.1036376953125,34.63999938964844
2015-05-15,38.540000915527344,28.958269119262695,22.56999969482422,104.1578598022461,181.6271514892578,34.380001068115234
2015-05-18,38.875,29.116046905517578,22.649999618530273,103.96826934814453,180.14080810546875,34.77000045776367
2015-05-19,39.625,29.575008392333984,23.09000015258789,104.2009506225586,182.42747497558594,34.849998474121094
2015-05-20,39.76499938964844,29.732778549194336,23.1299991607666,104.08031463623047,181.8149871826172,35.099998474121094
2015-05-21,39.810001373291016,29.869049072265625,23.0,104.08031463623047,181.68429565429688,34.86000061035156
2015-05-22,39.98500061035156,29.782987594604492,23.329999923706055,104.2095718383789,182.23963928222656,35.16999816894531
2015-05-25,40.154998779296875,29.782987594604492,23.3799991607666,104.19234466552734,182.2559814453125,35.16999816894531
2015-05-26,40.005001068115234,29.59652328491211,23.329999923706055,104.18372344970703,182.28045654296875,35.09000015258789
2015-05-27,40.22999954223633,29.876218795776367,23.170000076293945,104.34745025634766,183.2767791748047,35.06999969482422
2015-05-28,40.11000061035156,29.75429916381836,22.899999618530273,104.3302001953125,183.14613342285156,35.040000915527344
2015-05-29,39.54999923706055,29.209278106689453,22.700000762939453,104.5628662109375,184.50999450683594,34.84000015258789
2015-06-01,39.79499816894531,29.273807525634766,22.709999084472656,104.33882904052734,183.03993225097656,35.220001220703125
2015-06-02,39.130001068115234,28.994115829467773,22.290000915527344,103.45984649658203,178.62179565429688,34.4900016784668
2015-06-03,38.92499923706055,29.001293182373047,21.989999771118164,102.81355285644531,174.70994567871094,33.95000076293945
2015-06-04,38.55500030517578,28.743127822875977,21.639999389648438,102.88249206542969,175.75527954101562,33.529998779296875
2015-06-05,38.744998931884766,28.45627212524414,21.799999237060547,102.59811401367188,173.63192749023438,33.84000015258789
2015-06-08,38.275001525878906,28.219600677490234,21.579999923706055,102.2965087890625,172.15377807617188,33.61000061035156
2015-06-09,38.02000045776367,28.126380920410156,21.360000610351562,101.96041870117188,170.5694580078125,33.619998931884766
2015-06-10,38.439998626708984,28.628374099731445,21.520000457763672,101.83979797363281,169.548583984375,33.810001373291016
2015-06-11,38.720001220703125,28.85070037841797,21.579999923706055,102.36546325683594,172.08030700683594,33.77000045776367
2015-06-12,38.40999984741211,28.578174591064453,21.530000686645508,102.21896362304688,171.51675415039062,33.720001220703125
2015-06-15,38.150001525878906,28.07872200012207,21.270000457763672,101.95178985595703,170.5367431640625,34.0099983215332
2015-06-16,38.31999969482422,28.267322540283203,21.34000015258789,102.05522918701172,171.32081604003906,33.72999954223633
2015-06-17,38.28499984741211,28.151264190673828,21.329999923706055,102.11554718017578,171.5413055419922,33.650001525878906
2015-06-18,38.244998931884766,28.18027114868164,21.43000030517578,102.10691833496094,172.6601104736328,33.88999938964844
2015-06-19,38.415000915527344,28.310840606689453,21.389999389648438,102.32238006591797,173.2480926513672,34.08000183105469
2015-06-22,38.685001373291016,28.949153900146484,21.600000381469727,102.10691833496094,172.07208251953125,33.4900016784668
2015-06-23,39.279998779296875,29.297334671020508,22.0,102.46886444091797,172.46412658691406,33.869998931884766
2015-06-24,39.189998626708984,29.130491256713867,22.049999237060547,102.41714477539062,171.89244079589844,33.7400016784668
2015-06-25,39.08000183105469,29.101490020751953,21.8799991607666,102.31228637695312,171.67193603515625,33.709999084472656
2015-06-26,39.040000915527344,29.130491256713867,21.84000015258789,102.09520721435547,170.47142028808594,33.84000015258789
2015-06-29,38.255001068115234,28.27457618713379,21.260000228881836,102.1733627319336,170.21011352539062,33.849998474121094
2015-06-30,38.119998931884766,27.92639923095703,21.56999969482422,102.12993621826172,171.01861572265625,33.88999938964844
2015-07-01,38.6150016784668,28.376117706298828,21.75,102.1039047241211,169.88345336914062,33.939998626708984
2015-07-02,38.52000045776367,28.27457618713379,21.739999771118164,101.94761657714844,168.84625244140625,33.720001220703125
2015-07-03,38.42499923706055,28.144006729125977,21.530000686645508,102.24282836914062,170.6592559814453,33.79999923706055
2015-07-06,38.32500076293945,27.752321243286133,21.299999237060547,102.11257934570312,170.21824645996094,33.93000030517578
2015-07-07,38.099998474121094,27.302595138549805,20.770000457763672,102.71166229248047,174.03211975097656,33.90999984741211
2015-07-08,37.810001373291016,27.32435417175293,20.270000457763672,102.6421890258789,174.97947692871094,33.72999954223633
2015-07-09,38.2400016784668,27.90463638305664,20.739999771118164,102.62483978271484,174.35877990722656,33.869998931884766
2015-07-10,38.314998626708984,28.53569984436035,20.84000015258789,102.18204498291016,171.6801300048828,33.5
2015-07-13,39.119998931884766,29.072471618652344,21.329999923706055,102.3730697631836,171.4759521484375,33.77000045776367
2015-07-14,39.3650016784668,29.261070251464844,21.31999969482422,102.39908599853516,171.9251251220703,33.72999954223633
2015-07-15,39.59000015258789,29.377124786376953,21.290000915527344,102.80716705322266,174.47312927246094,33.619998931884766
2015-07-16,40.04999923706055,29.790578842163086,21.600000381469727,102.78980255126953,174.34243774414062,33.77000045776367
2015-07-17,40.165000915527344,29.790578842163086,21.649999618530273,103.19786071777344,176.2942657470703,33.5099983215332
2015-07-20,40.2599983215332,29.913890838623047,21.510000228881836,103.38888549804688,176.9884490966797,32.86000061035156
2015-07-21,39.849998474121094,29.52219009399414,21.420000076293945,103.18917846679688,175.86962890625,32.54999923706055
2015-07-22,39.689998626708984,29.377124786376953,21.239999771118164,103.38888549804688,176.89862060546875,32.290000915527344
2015-07-23,39.415000915527344,29.239301681518555,20.969999313354492,103.4757080078125,177.462158203125,32.060001373291016
2015-07-24,39.119998931884766,28.970922470092773,20.6200008392334,103.6927490234375,179.0546112060547,31.84000015258789
2015-07-27,38.209999084472656,28.325345993041992,19.979999542236328,103.68406677246094,179.18527221679688,31.75
2015-07-28,38.63999938964844,28.630002975463867,20.1299991607666,103.72749328613281,179.34861755371094,31.829999923706055
2015-07-29,39.07500076293945,28.92739486694336,20.350000381469727,103.61461639404297,178.5891571044922,31.969999313354492
2015-07-30,39.40999984741211,29.065204620361328,20.25,103.9706039428711,180.5164794921875,32.16999816894531
2015-07-31,39.275001525878906,29.115995407104492,20.3799991607666,104.07477569580078,181.39845275878906,31.8799991607666
2015-08-03,39.43000030517578,29.348112106323242,20.190000534057617,104.11817932128906,181.5046844482422,32.0099983215332
2015-08-04,39.35499954223633,29.304580688476562,20.31999969482422,104.06609344482422,181.06362915039062,32.040000915527344
2015-08-05,39.915000915527344,29.64550018310547,20.510000228881836,103.49304962158203,177.3151092529297,32.06999969482422
2015-08-06,39.345001220703125,29.43515396118164,20.149999618530273,103.74486541748047,178.8341064453125,32.130001068115234
2015-08-07,39.01499938964844,29.130491256713867,20.09000015258789,103.95323944091797,179.72427368164062,32.18000030517578
2015-08-10,39.39500045776367,29.326345443725586,20.270000457763672,103.85774230957031,179.53648376464844,32.439998626708984
2015-08-11,38.709999084472656,28.912887573242188,19.6200008392334,104.21369934082031,182.0518035888672,32.2599983215332
2015-08-12,37.78499984741211,28.12224769592285,19.1200008392334,104.20500946044922,182.0191192626953,32.27000045776367
2015-08-13,38.345001220703125,28.463159561157227,19.299999237060547,104.0834732055664,181.57814025878906,32.22999954223633
2015-08-14,38.41999816894531,28.419639587402344,19.399999618530273,103.98796844482422,181.1126251220703,32.2400016784668
2015-08-17,38.66999816894531,28.492172241210938,19.229999542236328,104.14423370361328,182.1906280517578,32.5
2015-08-18,38.814998626708984,28.586475372314453,19.100000381469727,104.00532531738281,181.32496643066406,32.59000015258789
2015-08-19,38.17499923706055,28.042463302612305,18.700000762939453,104.02265930175781,181.32496643066406,32.779998779296875
2015-08-20,37.345001220703125,27.46942138671875,18.239999771118164,104.14423370361328,181.99464416503906,33.0099983215332
2015-08-21,35.875,26.51919937133789,17.670000076293945,104.18766021728516,182.2640838623047,32.88999938964844
2015-08-24,33.63999938964844,25.1555233001709,16.219999313354492,103.8403549194336,181.51275634765625,32.189998626708984
2015-08-25,34.939998626708984,26.214550018310547,17.440000534057617,103.27600860595703,177.39678955078125,32.029998779296875
2015-08-26,34.209999084472656,25.72130012512207,17.1299991607666,103.41490936279297,177.7724609375,31.729999542236328
2015-08-27,36.0,26.693286895751953,18.209999084472656,103.38018035888672,177.4376220703125,32.209999084472656
2015-08-28,36.38999938964844,26.802101135253906,18.31999969482422,103.3975601196289,177.65809631347656,32.59000015258789
2015-08-31,36.099998474121094,26.67877960205078,18.149999618530273,103.067626953125,176.359619140625,32.5099983215332
2015-09-01,35.08000183105469,25.989683151245117,17.639999389648438,102.9287109375,175.6736602783203,32.56999969482422
2015-09-02,35.04499816894531,26.018701553344727,17.6299991607666,103.11971282958984,175.91041564941406,32.439998626708984
2015-09-03,36.099998474121094,26.664270401000977,18.170000076293945,103.42359161376953,177.3069305419922,32.5099983215332
2015-09-04,35.23500061035156,25.95341682434082,17.549999237060547,103.68406677246094,178.93212890625,32.41999816894531
2015-09-07,35.310001373291016,26.105743408203125,17.43000030517578,103.62329864501953,177.56829833984375,32.22999954223633
2015-09-08,35.60499954223633,26.424915313720703,17.829999923706055,103.64067077636719,177.98477172851562,32.380001068115234
2015-09-09,36.119998931884766,26.787582397460938,18.149999618530273,103.58856964111328,177.8050994873047,32.0
2015-09-10,35.40999984741211,26.43215560913086,17.860000610351562,103.60594177246094,177.91127014160156,31.739999771118164
2015-09-11,35.084999084472656,26.12751007080078,17.790000915527344,103.71879577636719,178.1644744873047,31.31999969482422
2015-09-14,35.185001373291016,25.9461669921875,17.809999465942383,103.64067077636719,178.08279418945312,31.5
2015-09-15,35.5099983215332,26.211584091186523,18.030000686645508,103.37150573730469,176.865966796875,31.540000915527344
2015-09-16,35.915000915527344,26.6293888092041,18.459999084472656,103.16312408447266,176.16360473632812,31.90999984741211
2015-09-17,35.939998626708984,26.578067779541016,18.3700008392334,103.1457748413086,176.49850463867188,31.809999465942383
2015-09-18,35.28499984741211,26.064985275268555,18.229999542236328,103.82298278808594,180.28781127929688,32.150001525878906
2015-09-21,35.790000915527344,26.336185455322266,18.34000015258789,103.6667251586914,179.15261840820312,32.54999923706055
2015-09-22,35.06999969482422,25.522567749023438,17.940000534057617,103.9792709350586,180.851318359375,32.5
2015-09-23,35.07500076293945,25.515233993530273,17.84000015258789,103.9619140625,181.32496643066406,32.63999938964844
2015-09-24,34.314998626708984,25.002153396606445,17.34000015258789,103.91849517822266,181.54544067382812,32.97999954223633
2015-09-25,35.220001220703125,25.705820083618164,17.75,103.64932250976562,179.93663024902344,32.88999938964844
2015-09-28,34.30500030517578,25.134090423583984,17.290000915527344,103.8837661743164,181.3412628173828,32.47999954223633
2015-09-29,33.96500015258789,24.921518325805664,17.290000915527344,103.90982055664062,181.90481567382812,32.369998931884766
2015-09-30,34.84000015258789,25.58853530883789,17.8799991607666,103.91849517822266,181.6271514892578,32.119998931884766
2015-10-01,34.709999084472656,25.529905319213867,17.889999389648438,104.1702880859375,182.95831298828125,32.09000015258789
2015-10-02,34.654998779296875,25.676488876342773,17.969999313354492,104.3699722290039,184.1261749267578,32.5
2015-10-05,35.8849983215332,26.40216064453125,18.65999984741211,104.178955078125,182.49278259277344,32.599998474121094
2015-10-06,35.88999938964844,26.526752471923828,18.579999923706055,104.01399230957031,181.3657989501953,32.779998779296875
2015-10-07,35.98500061035156,26.592727661132812,18.950000762939453,104.02265930175781,181.7088165283203,32.72999954223633
2015-10-08,36.130001068115234,26.67336654663086,18.979999542236328,104.12689208984375,182.2640838623047,32.63999938964844
2015-10-09,36.255001068115234,26.717342376708984,19.190000534057617,104.06609344482422,181.78231811523438,32.77000045776367
2015-10-12,36.185001373291016,26.658706665039062,19.049999237060547,104.22239685058594,182.7704620361328,32.869998931884766
2015-10-13,36.064998626708984,26.424148559570312,18.84000015258789,104.19634246826172,182.46009826660156,32.939998626708984
2015-10-14,35.51499938964844,26.233572006225586,18.690000534057617,104.35260009765625,183.48094177246094,33.13999938964844
2015-10-15,35.93000030517578,26.592727661132812,19.049999237060547,104.28315734863281,183.13795471191406,33.470001220703125
2015-10-16,36.400001525878906,26.76131820678711,19.239999771118164,104.38734436035156,183.644287109375,33.459999084472656
2015-10-19,36.48500061035156,26.841938018798828,19.190000534057617,104.31788635253906,183.3829803466797,33.2599983215332
2015-10-20,36.3849983215332,26.731998443603516,19.149999618530273,104.02265930175781,181.7741241455078,33.34000015258789
2015-10-21,36.43000030517578,26.73933219909668,19.0,104.3699722290039,183.6524658203125,33.04999923706055
2015-10-22,37.26499938964844,27.296396255493164,19.520000457763672,104.9430160522461,186.2494354248047,33.68000030517578
2015-10-23,38.084999084472656,27.838815689086914,19.93000030517578,104.84751892089844,185.816650390625,33.93000030517578
2015-10-26,38.0099983215332,27.706876754760742,19.760000228881836,104.97774505615234,186.18417358398438,33.95000076293945
2015-10-27,37.72999954223633,27.421005249023438,19.540000915527344,105.24689483642578,187.7276611328125,33.959999084472656
2015-10-28,38.04999923706055,27.69221305847168,19.600000381469727,105.37715911865234,188.3401641845703,34.2599983215332
2015-10-29,38.31999969482422,27.714200973510742,19.389999389648438,104.90829467773438,186.29847717285156,33.709999084472656
2015-10-30,38.150001525878906,27.728864669799805,19.31999969482422,104.9516830444336,186.1596221923828,33.29999923706055
2015-11-02,38.209999084472656,27.802156448364258,19.5,104.69123077392578,184.4119415283203,33.119998931884766
2015-11-03,38.630001068115234,27.912109375,19.84000015258789,104.68254852294922,183.7831573486328,32.97999954223633
2015-11-04,38.875,28.014732360839844,20.020000457763672,104.59571075439453,182.9501495361328,32.959999084472656
2015-11-05,38.744998931884766,27.919443130493164,19.950000762939453,104.49153900146484,181.73329162597656,32.709999084472656
2015-11-06,38.994998931884766,28.014732360839844,19.799999237060547,103.99664306640625,179.28330993652344,32.54999923706055
2015-11-09,38.60499954223633,27.670228958129883,19.5,104.0834732055664,178.14813232421875,32.61000061035156
2015-11-10,38.8650016784668,27.772836685180664,19.469999313354492,104.3352279663086,179.601806640625,32.869998931884766
2015-11-11,38.89500045776367,27.934099197387695,19.450000762939453,104.50021362304688,180.32861328125,32.54999923706055
2015-11-12,38.40999984741211,27.486976623535156,19.350000381469727,104.57833099365234,181.39999389648438,32.2400016784668
2015-11-13,38.06999969482422,27.274404525756836,18.979999542236328,104.79539489746094,182.79200744628906,32.459999084472656
2015-11-16,38.11000061035156,27.377023696899414,19.06999969482422,104.83015441894531,183.080322265625,32.599998474121094
2015-11-17,39.064998626708984,28.06602668762207,19.510000228881836,104.87354278564453,183.25326538085938,32.5
2015-11-18,39.060001373291016,28.02204704284668,19.489999771118164,105.0211410522461,184.43936157226562,32.31999969482422
2015-11-19,39.064998626708984,28.088022232055664,19.600000381469727,105.20348358154297,185.6749267578125,32.43000030517578
2015-11-20,39.459999084472656,28.146663665771484,20.040000915527344,105.35106658935547,186.76214599609375,32.540000915527344
2015-11-23,39.57500076293945,28.058704376220703,19.959999084472656,105.19479370117188,185.42782592773438,32.40999984741211
2015-11-24,39.189998626708984,27.706876754760742,19.799999237060547,105.134033203125,185.45249938964844,32.47999954223633
2015-11-25,39.525001525878906,28.080698013305664,19.799999237060547,105.48131561279297,186.52328491210938,32.470001220703125
2015-11-26,39.73500061035156,28.373884201049805,19.8799991607666,105.44657897949219,186.58921813964844,32.470001220703125
2015-11-27,39.6150016784668,28.307920455932617,19.56999969482422,105.49867248535156,186.86924743652344,32.11000061035156
2015-11-30,39.650001525878906,28.447187423706055,19.489999771118164,105.29898834228516,186.1031951904297,32.349998474121094
2015-12-01,39.630001068115234,28.337242126464844,19.510000228881836,105.34239196777344,185.4854736328125,32.2599983215332
2015-12-02,39.79499816894531,28.359222412109375,19.469999313354492,105.51602935791016,186.25148010253906,32.11000061035156
2015-12-03,38.244998931884766,27.377023696899414,18.84000015258789,104.39602661132812,181.36705017089844,31.31999969482422
2015-12-04,38.27000045776367,27.355030059814453,18.829999923706055,104.28315734863281,181.28465270996094,32.08000183105469
2015-12-07,38.30500030517578,27.508962631225586,18.65999984741211,104.78672790527344,183.9369354248047,31.93000030517578
2015-12-08,37.88999938964844,26.995880126953125,18.350000381469727,104.89090728759766,184.69473266601562,31.770000457763672
2015-12-09,37.61000061035156,26.863943099975586,18.200000762939453,104.73463439941406,183.91224670410156,31.420000076293945
2015-12-10,37.564998626708984,26.819957733154297,18.09000015258789,104.84751892089844,184.22525024414062,31.540000915527344
2015-12-11,36.779998779296875,26.277549743652344,17.520000457763672,104.98641204833984,185.10653686523438,31.479999542236328
2015-12-14,36.17499923706055,25.808429718017578,17.420000076293945,104.68254852294922,183.68162536621094,31.170000076293945
2015-12-15,37.28499984741211,26.55445671081543,18.110000610351562,104.35260009765625,182.08363342285156,31.219999313354492
2015-12-16,37.3849983215332,26.635480880737305,18.139999389648438,104.19634246826172,181.6388702392578,31.610000610351562
2015-12-17,37.84000015258789,26.974306106567383,18.469999313354492,104.63910675048828,183.4756622314453,31.270000457763672
2015-12-18,37.345001220703125,26.70177459716797,18.399999618530273,104.9430160522461,185.1971893310547,31.6299991607666
2015-12-21,36.845001220703125,26.340843200683594,18.200000762939453,104.82146453857422,184.5546875,31.729999542236328
2015-12-22,36.95000076293945,26.407135009765625,18.260000228881836,104.46548461914062,183.24505615234375,31.530000686645508
2015-12-23,37.92499923706055,27.040607452392578,18.719999313354492,104.35260009765625,182.0671844482422,31.59000015258789
2015-12-24,37.810001373291016,27.040607452392578,18.6200008392334,104.26579284667969,181.6964874267578,31.59000015258789
2015-12-28,37.415000915527344,26.856449127197266,18.3799991607666,104.81275939941406,183.7639617919922,31.299999237060547
2015-12-29,38.185001373291016,27.34261703491211,18.600000381469727,104.39602661132812,181.28465270996094,31.5
2015-12-30,38.05500030517578,27.18055534362793,18.360000610351562,104.41339874267578,181.7788848876953,31.450000762939453
2016-01-04,37.060001373291016,26.333471298217773,17.90999984741211,104.74331665039062,183.1791534423828,31.969999313354492
2016-01-05,37.54499816894531,26.53972625732422,18.209999084472656,104.82146453857422,183.44273376464844,32.34000015258789
2016-01-06,37.06999969482422,26.171417236328125,17.889999389648438,104.98641204833984,184.1263885498047,32.63999938964844
2016-01-07,36.150001525878906,25.55268096923828,17.43000030517578,104.73463439941406,182.6767120361328,32.790000915527344
2016-01-08,35.369998931884766,25.162275314331055,16.90999984741211,104.93431854248047,183.895751953125,32.630001068115234
2016-01-11,35.18000030517578,25.132808685302734,16.81999969482422,104.68254852294922,182.98973083496094,32.47999954223633
2016-01-12,35.5099983215332,25.316970825195312,16.959999084472656,104.63044738769531,183.1050262451172,32.290000915527344
2016-01-13,35.67499923706055,25.49374771118164,17.06999969482422,104.76068878173828,184.43116760253906,32.2400016784668
2016-01-14,35.064998626708984,25.022327423095703,16.81999969482422,104.71721649169922,184.09339904785156,32.06999969482422
2016-01-15,34.20500183105469,24.337282180786133,16.190000534057617,104.76968383789062,185.01597595214844,31.969999313354492
2016-01-18,34.32500076293945,24.24889373779297,16.3799991607666,104.79591369628906,184.54647827148438,32.16999816894531
2016-01-19,34.630001068115234,24.60982322692871,16.59000015258789,104.80467224121094,184.71119689941406,32.040000915527344
2016-01-20,33.46500015258789,23.814300537109375,16.020000457763672,104.80467224121094,184.9418487548828,32.560001373291016
2016-01-21,34.345001220703125,24.2930850982666,16.399999618530273,105.01453399658203,186.39974975585938,32.52000045776367
2016-01-22,35.02000045776367,24.93393325805664,16.799999237060547,105.00579071044922,185.42782592773438,32.709999084472656
2016-01-25,34.86000061035156,24.83816909790039,16.739999771118164,105.11947631835938,185.971435546875,32.900001525878906
2016-01-26,34.91999816894531,25.059160232543945,16.75,105.2593994140625,187.48699951171875,33.13999938964844
2016-01-27,35.084999084472656,25.1549072265625,16.809999465942383,105.32060241699219,187.602294921875,33.060001373291016
2016-01-28,34.4900016784668,24.66875457763672,16.719999313354492,105.44303894042969,188.54132080078125,32.7599983215332
2016-01-29,35.470001220703125,25.250669479370117,17.290000915527344,105.9764404296875,190.55935668945312,33.220001220703125
2016-02-01,35.459999084472656,25.243303298950195,17.200000762939453,105.78406524658203,189.48031616210938,33.279998779296875
2016-02-02,35.025001525878906,24.712953567504883,16.889999389648438,105.89773559570312,189.4226837158203,33.209999084472656
2016-02-03,34.13999938964844,24.300457000732422,16.559999465942383,106.11636352539062,190.93824768066406,33.189998626708984
2016-02-04,34.130001068115234,24.24889373779297,16.809999465942383,105.92398071289062,190.00746154785156,33.18000030517578
2016-02-05,33.845001220703125,24.050012588500977,16.75,105.89773559570312,189.89215087890625,33.380001068115234
2016-02-08,32.88999938964844,23.16609001159668,16.34000015258789,105.77533721923828,190.21337890625,34.40999984741211
2016-02-09,32.5099983215332,22.768321990966797,16.0,105.73160552978516,189.61215209960938,33.95000076293945
2016-02-10,32.96500015258789,23.21028709411621,16.350000381469727,105.75785064697266,189.62034606933594,34.18000030517578
2016-02-11,31.71500015258789,22.37055778503418,15.680000305175781,105.90650177001953,190.22166442871094,35.599998474121094
2016-02-12,32.79499816894531,23.085063934326172,16.1299991607666,105.59168243408203,189.75216674804688,35.40999984741211
2016-02-15,33.64500045776367,23.748004913330078,16.530000686645508,105.84528350830078,190.56759643554688,34.810001373291016
2016-02-16,33.584999084472656,23.689075469970703,16.59000015258789,105.69660186767578,189.34030151367188,35.040000915527344
2016-02-17,34.39500045776367,24.25625991821289,16.940000534057617,105.76656341552734,189.5956268310547,34.97999954223633
2016-02-18,34.474998474121094,24.27835464477539,16.920000076293945,106.14259338378906,191.9761199951172,35.36000061035156
2016-02-19,34.279998779296875,24.145769119262695,16.8799991607666,106.13386535644531,192.09140014648438,35.59000015258789
2016-02-22,35.02000045776367,24.506710052490234,17.34000015258789,106.33499145507812,193.1540069580078,35.310001373291016
2016-02-23,34.619998931884766,24.197328567504883,17.100000381469727,106.3437271118164,193.18690490722656,35.77000045776367
2016-02-24,33.994998931884766,23.681711196899414,16.75,106.46614074707031,194.13417053222656,36.38999938964844
2016-02-25,34.66999816894531,24.138399124145508,16.93000030517578,106.50113677978516,194.2659454345703,36.130001068115234
2016-02-26,35.345001220703125,24.52879524230957,17.1299991607666,106.55360412597656,195.1060791015625,35.849998474121094
2016-02-29,35.55500030517578,24.720321655273438,17.420000076293945,106.87714385986328,195.3944091796875,36.54999923706055
2016-03-01,35.875,25.08861541748047,17.809999465942383,106.74597930908203,194.02706909179688,36.5099983215332
2016-03-02,36.25,25.191736221313477,18.040000915527344,106.4136734008789,191.67959594726562,36.7599983215332
2016-03-03,36.02000045776367,25.118083953857422,18.040000915527344,106.64106750488281,192.54441833496094,36.959999084472656
2016-03-04,36.26499938964844,25.324321746826172,18.3700008392334,106.3087387084961,191.2018585205078,37.150001525878906
2016-03-07,36.2400016784668,25.258037567138672,18.40999984741211,106.44866180419922,191.05357360839844,37.029998779296875
2016-03-08,35.814998626708984,24.992855072021484,18.030000686645508,106.56234741210938,192.33030700683594,36.91999816894531
2016-03-09,35.98500061035156,25.103351593017578,18.229999542236328,106.37870788574219,191.7289581298828,36.599998474121094
2016-03-10,35.22999954223633,24.654022216796875,17.75,106.36997985839844,190.80645751953125,36.40999984741211
2016-03-11,36.095001220703125,25.33169174194336,18.309999465942383,106.98208618164062,192.75033569335938,36.2599983215332
2016-03-14,36.310001373291016,25.53057289123535,18.34000015258789,106.74597930908203,193.00572204589844,36.0
2016-03-15,36.025001525878906,25.22268295288086,18.020000457763672,106.57982635498047,191.58897399902344,35.630001068115234
2016-03-16,36.18000030517578,25.230060577392578,18.110000610351562,106.59733581542969,192.26438903808594,35.68000030517578
2016-03-17,35.98500061035156,25.244844436645508,18.43000030517578,106.9908218383789,194.70249938964844,35.90999984741211
2016-03-18,36.19499969482422,25.31874656677246,18.59000015258789,107.07827758789062,195.80624389648438,35.720001220703125
2016-03-21,36.22999954223633,25.259624481201172,18.639999389648438,107.1045150756836,195.45201110839844,35.619998931884766
2016-03-22,36.404998779296875,25.230060577392578,18.719999313354492,107.1045150756836,196.23455810546875,35.869998931884766
2016-03-23,36.33000183105469,25.207895278930664,18.489999771118164,107.1045150756836,195.59205627441406,35.20000076293945
2016-03-24,35.880001068115234,24.816213607788086,18.309999465942383,107.20067596435547,196.4322052001953,35.16999816894531
2016-03-29,36.03499984741211,24.964025497436523,18.3700008392334,107.55049896240234,198.00547790527344,35.2400016784668
2016-03-30,36.23500061035156,25.267017364501953,18.729999542236328,107.50676727294922,198.0137176513672,34.810001373291016
2016-03-31,35.98500061035156,25.037925720214844,18.6299991607666,107.51549530029297,198.17022705078125,34.91999816894531
2016-04-01,35.755001068115234,24.70536231994629,18.420000076293945,107.5679702758789,198.75503540039062,34.310001373291016
2016-04-04,35.845001220703125,24.84577178955078,18.399999618530273,107.70789337158203,198.9526824951172,34.43000030517578
2016-04-05,35.314998626708984,24.36541748046875,18.049999237060547,107.7516098022461,199.20803833007812,34.720001220703125
2016-04-06,35.52000045776367,24.557559967041016,18.040000915527344,107.6816635131836,198.42552185058594,34.5
2016-04-07,35.380001068115234,24.417142868041992,17.899999618530273,107.5854721069336,198.0548858642578,35.029998779296875
2016-04-08,35.61000061035156,24.631467819213867,18.15999984741211,107.70789337158203,198.4749755859375,34.97999954223633
2016-04-11,35.60499954223633,24.749706268310547,18.34000015258789,107.60294342041016,197.40415954589844,35.43000030517578
2016-04-12,35.8849983215332,24.912288665771484,18.510000228881836,107.2968978881836,195.59205627441406,35.47999954223633
2016-04-13,36.72999954223633,25.55523681640625,19.09000015258789,107.55921936035156,197.43714904785156,35.5
2016-04-14,36.96500015258789,25.614355087280273,19.09000015258789,107.37560272216797,196.48988342285156,35.18000030517578
2016-04-15,36.79499816894531,25.540456771850586,18.989999771118164,107.4892807006836,197.16529846191406,35.08000183105469
2016-04-18,36.83000183105469,25.621747970581055,18.950000762939453,107.41056823730469,196.39930725097656,35.11000061035156
2016-04-19,37.084999084472656,26.02080726623535,19.139999389648438,107.26190948486328,194.99899291992188,35.5
2016-04-20,37.32500076293945,26.153844833374023,19.09000015258789,107.41931915283203,195.76507568359375,35.59000015258789
2016-04-21,37.28499984741211,26.013425827026367,19.049999237060547,106.97335052490234,193.49993896484375,35.619998931884766
2016-04-22,37.275001525878906,25.969079971313477,19.010000228881836,106.92088317871094,192.93983459472656,35.47999954223633
2016-04-25,37.064998626708984,25.828672409057617,18.81999969482422,106.69351959228516,191.6219024658203,35.43000030517578
2016-04-26,37.084999084472656,25.92474365234375,18.850000381469727,106.59733581542969,191.4077606201172,35.33000183105469
2016-04-27,37.099998474121094,26.02080726623535,18.850000381469727,106.58857727050781,191.11947631835938,35.47999954223633
2016-04-28,37.125,26.057769775390625,18.950000762939453,106.83341979980469,192.43731689453125,35.900001525878906
2016-04-29,36.05500030517578,25.481338500976562,18.450000762939453,106.71974182128906,192.00082397460938,36.369998931884766
2016-05-02,36.18000030517578,25.540456771850586,18.360000610351562,106.80718231201172,192.63504028320312,36.189998626708984
2016-05-03,35.7400016784668,25.08965301513672,17.989999771118164,107.156982421875,194.57070922851562,35.93000030517578
2016-05-04,35.560001373291016,24.816213607788086,17.739999771118164,107.1045150756836,193.96942138671875,35.810001373291016
2016-05-05,35.880001068115234,24.956628799438477,17.8700008392334,107.18321990966797,194.52130126953125,35.959999084472656
2016-05-06,35.70500183105469,24.867950439453125,17.790000915527344,107.28816223144531,194.76837158203125,36.40999984741211
2016-05-09,35.880001068115234,24.993579864501953,17.6200008392334,107.34935760498047,195.32025146484375,35.66999816894531
2016-05-10,36.31999969482422,25.237455368041992,17.920000076293945,107.35808563232422,194.92483520507812,35.58000183105469
2016-05-11,36.154998779296875,25.134000778198242,17.90999984741211,107.39306640625,195.12254333496094,35.849998474121094
2016-05-12,36.0099983215332,24.98619270324707,17.84000015258789,107.19195556640625,194.36099243164062,35.84000015258789
2016-05-13,36.3849983215332,25.11182403564453,17.850000381469727,107.34061431884766,195.28257751464844,36.20000076293945
2016-05-16,36.28499984741211,25.11182403564453,17.84000015258789,107.27066802978516,194.9338836669922,36.20000076293945
2016-05-17,36.28499984741211,25.163551330566406,17.829999923706055,107.3668441772461,195.7889862060547,36.34000015258789
2016-05-18,36.40999984741211,25.363088607788086,17.829999923706055,107.20067596435547,194.61012268066406,36.279998779296875
2016-05-19,36.099998474121094,25.08965301513672,17.540000915527344,107.13075256347656,194.62669372558594,35.939998626708984
2016-05-20,36.595001220703125,25.444387435913086,17.84000015258789,107.18321990966797,194.97540283203125,35.880001068115234
2016-05-23,36.48500061035156,25.296579360961914,17.829999923706055,107.13075256347656,194.62669372558594,35.84000015258789
2016-05-24,37.099998474121094,25.91735076904297,18.059999465942383,107.20944213867188,195.1248321533203,35.540000915527344
2016-05-25,37.404998779296875,26.227741241455078,18.239999771118164,107.43679809570312,196.5776824951172,35.27000045776367
2016-05-26,37.375,26.272075653076172,18.25,107.51549530029297,196.81846618652344,35.150001525878906
2016-05-27,37.595001220703125,26.353368759155273,18.43000030517578,107.5854721069336,196.81846618652344,35.02000045776367
2016-05-30,37.70000076293945,26.412492752075195,18.3799991607666,107.4892807006836,196.2705078125,34.88999938964844
2016-05-31,37.525001525878906,26.1907901763916,18.329999923706055,107.5854721069336,196.69393920898438,35.08000183105469
2016-06-01,37.279998779296875,25.909963607788086,18.299999237060547,107.60294342041016,197.0093994140625,34.869998931884766
2016-06-02,37.380001068115234,25.939523696899414,18.420000076293945,107.6816635131836,197.71507263183594,34.95000076293945
2016-06-03,36.88999938964844,25.72519874572754,18.360000610351562,107.9439926147461,199.47511291503906,35.220001220703125
2016-06-06,37.099998474121094,25.836061477661133,18.56999969482422,107.84780883789062,198.4954833984375,35.310001373291016
2016-06-07,37.39500045776367,26.12427520751953,18.770000457763672,108.04894256591797,200.06455993652344,35.209999084472656
2016-06-08,37.23500061035156,25.976472854614258,18.790000915527344,108.12763977050781,200.911376953125,35.61000061035156
2016-06-09,37.185001373291016,25.74738311767578,18.709999084472656,108.3637466430664,202.38087463378906,36.08000183105469
2016-06-10,36.90999984741211,25.126596450805664,18.450000762939453,108.40745544433594,203.4352264404297,36.220001220703125
2016-06-13,36.54999923706055,24.646240234375,18.15999984741211,108.16263580322266,201.80799865722656,36.560001373291016
2016-06-14,36.25,24.195438385009766,18.040000915527344,108.18011474609375,202.0985870361328,36.81999969482422
2016-06-15,36.39500045776367,24.4272403717041,18.290000915527344,108.28504943847656,202.34764099121094,36.779998779296875
2016-06-16,36.31999969482422,24.277381896972656,18.170000076293945,108.2150650024414,202.9620361328125,37.79999923706055
2016-06-17,36.244998931884766,24.584598541259766,18.170000076293945,108.15386962890625,201.7332763671875,36.86000061035156
2016-06-20,36.93000030517578,25.521223068237305,18.559999465942383,108.07514190673828,201.40121459960938,36.54999923706055
2016-06-21,37.0099983215332,25.693565368652344,18.6200008392334,108.2325668334961,201.65858459472656,36.310001373291016
2016-06-22,37.08000183105469,25.798471450805664,18.75,108.25005340576172,201.7416229248047,36.18000030517578
2016-06-23,37.22999954223633,26.17311668395996,18.829999923706055,108.08390045166016,201.5506591796875,35.83000183105469
2016-06-24,36.525001525878906,24.239913940429688,18.420000076293945,108.18885040283203,203.2360076904297,38.06999969482422
2016-06-27,35.71500015258789,23.355737686157227,18.15999984741211,108.60859680175781,207.59458923339844,38.56999969482422
2016-06-28,36.084999084472656,23.940196990966797,18.559999465942383,109.04582977294922,208.5659637451172,38.27000045776367
2016-06-29,36.790000915527344,24.667024612426758,19.020000457763672,109.3431396484375,209.41278076171875,38.31999969482422
2016-06-30,37.11000061035156,24.891813278198242,19.149999618530273,109.44808197021484,210.01055908203125,38.25
2016-07-01,37.314998626708984,25.11660385131836,19.280000686645508,109.72789764404297,210.9901885986328,38.61000061035156
2016-07-04,37.314998626708984,24.921781539916992,19.350000381469727,109.74541473388672,210.55844116210938,39.02000045776367
2016-07-05,37.064998626708984,24.517160415649414,19.06999969482422,109.9202880859375,211.46340942382812,39.150001525878906
2016-07-06,36.90999984741211,24.127525329589844,18.84000015258789,109.96400451660156,212.03623962402344,39.720001220703125
2016-07-07,37.220001220703125,24.389772415161133,19.059999465942383,109.91155242919922,211.52978515625,39.40999984741211
2016-07-08,37.72999954223633,24.764423370361328,19.34000015258789,110.13016510009766,212.766845703125,39.369998931884766
2016-07-11,38.154998779296875,25.169055938720703,19.639999389648438,110.03397369384766,212.03623962402344,39.56999969482422
2016-07-12,38.36000061035156,25.461278915405273,19.770000457763672,109.72789764404297,209.75318908691406,38.91999816894531
2016-07-13,38.165000915527344,25.35637855529785,19.649999618530273,110.06019592285156,211.43019104003906,38.86000061035156
2016-07-14,38.470001220703125,25.618633270263672,19.969999313354492,109.83068084716797,209.81956481933594,38.54999923706055
2016-07-15,38.52000045776367,25.558687210083008,19.989999771118164,109.60194396972656,208.32516479492188,38.650001525878906
2016-07-18,38.53499984741211,25.618633270263672,20.059999465942383,109.67231750488281,208.44142150878906,38.599998474121094
2016-07-19,38.630001068115234,25.498743057250977,20.09000015258789,109.74268341064453,208.78179931640625,38.91999816894531
2016-07-20,38.904998779296875,25.760997772216797,20.209999084472656,109.68109893798828,208.60748291015625,38.540000915527344
2016-07-21,38.85499954223633,25.746015548706055,20.209999084472656,109.72509002685547,208.7901153564453,38.7599983215332
2016-07-22,38.904998779296875,25.70855140686035,20.239999771118164,109.83068084716797,209.719970703125,38.810001373291016
2016-07-25,38.83000183105469,25.75351333618164,20.139999389648438,109.9626235961914,210.4920654296875,38.66999816894531
2016-07-26,38.82500076293945,25.798471450805664,20.229999542236328,109.91864013671875,210.3509063720703,38.650001525878906
2016-07-27,38.8849983215332,25.925838470458984,20.260000228881836,110.24415588378906,211.8950958251953,38.83000183105469
2016-07-28,38.45000076293945,25.63361930847168,20.059999465942383,110.28814697265625,212.71701049804688,38.7599983215332
2016-07-29,38.564998626708984,25.8584041595459,20.049999237060547,110.49049377441406,214.13673400878906,38.83000183105469
2016-08-01,38.540000915527344,25.68607521057129,20.18000030517578,110.40251922607422,213.56385803222656,38.88999938964844
2016-08-02,37.95500183105469,25.34889030456543,19.829999923706055,110.01541900634766,211.388671875,39.15999984741211
2016-08-03,38.150001525878906,25.35637855529785,19.899999618530273,110.04180908203125,211.39700317382812,39.09000015258789
2016-08-04,38.45500183105469,25.581161499023438,20.18000030517578,110.45531463623047,213.53890991210938,39.380001068115234
2016-08-05,38.900001525878906,25.843433380126953,20.440000534057617,110.3497543334961,212.73361206054688,38.88999938964844
2016-08-08,38.959999084472656,25.8584041595459,20.6299991607666,110.39371490478516,212.841552734375,38.810001373291016
2016-08-09,39.064998626708984,26.08319091796875,20.780000686645508,110.49049377441406,213.2649688720703,38.81999969482422
2016-08-10,38.7599983215332,26.02325439453125,20.56999969482422,110.7104263305664,214.36083984375,38.790000915527344
2016-08-11,39.0,26.293004989624023,20.780000686645508,110.67524719238281,214.18649291992188,38.880001068115234
2016-08-12,38.95000076293945,26.233055114746094,20.790000915527344,110.73683166503906,214.34422302246094,38.939998626708984
2016-08-15,39.0099983215332,26.218076705932617,20.969999313354492,110.54328155517578,213.34799194335938,38.56999969482422
2016-08-16,38.58000183105469,26.000776290893555,20.68000030517578,110.27055358886719,211.6211395263672,38.47999954223633
2016-08-17,38.345001220703125,25.76848793029785,20.420000076293945,110.3497543334961,212.17738342285156,38.40999984741211
2016-08-18,38.470001220703125,25.9932861328125,20.6200008392334,110.6048812866211,213.80459594726562,38.34000015258789
2016-08-19,38.3650016784668,25.775991439819336,20.489999771118164,110.26175689697266,212.1026611328125,38.13999938964844
2016-08-22,38.345001220703125,25.80596351623535,20.290000915527344,110.55208587646484,213.54727172851562,38.04999923706055
2016-08-23,38.59000015258789,26.02325439453125,20.450000762939453,110.51689910888672,213.32305908203125,38.04999923706055
2016-08-24,38.689998626708984,26.135650634765625,20.34000015258789,110.49931335449219,212.99093627929688,37.959999084472656
2016-08-25,38.525001525878906,25.933334350585938,20.350000381469727,110.42890167236328,212.6505889892578,37.7400016784668
2016-08-26,38.665000915527344,26.06072235107422,20.610000610351562,110.49931335449219,212.94947814941406,38.029998779296875
2016-08-29,38.79499816894531,26.000776290893555,20.469999313354492,110.50810241699219,212.60910034179688,38.11000061035156
2016-08-30,38.84000015258789,26.14314842224121,20.579999923706055,110.53446197509766,212.74192810058594,38.0
2016-08-31,38.67499923706055,26.000776290893555,20.420000076293945,110.32334899902344,211.52978515625,37.75
2016-09-01,38.54999923706055,26.05867576599121,20.219999313354492,110.24415588378906,210.7327880859375,37.72999954223633
2016-09-02,39.07500076293945,26.554603576660156,20.729999542236328,110.0857925415039,209.4459686279297,38.04999923706055
2016-09-05,39.1349983215332,26.607210159301758,20.920000076293945,110.15617370605469,210.3343048095703,38.31999969482422
2016-09-06,38.91999816894531,26.494495391845703,20.989999771118164,110.61366271972656,212.59251403808594,38.38999938964844
2016-09-07,38.994998931884766,26.584665298461914,20.989999771118164,110.62246704101562,213.79629516601562,38.5099983215332
2016-09-08,38.869998931884766,26.494495391845703,21.020000457763672,110.32334899902344,210.81576538085938,38.279998779296875
2016-09-09,38.51499938964844,26.193939208984375,20.549999237060547,109.75148010253906,207.18780517578125,38.25
2016-09-12,38.130001068115234,25.93845558166504,20.25,109.61952209472656,206.4987335205078,37.900001525878906
2016-09-13,37.790000915527344,25.66043472290039,19.950000762939453,109.54915618896484,206.04212951660156,37.939998626708984
2016-09-14,37.78499984741211,25.637895584106445,20.010000228881836,109.66350555419922,206.6398468017578,37.810001373291016
2016-09-15,38.099998474121094,25.83177947998047,20.270000457763672,109.55794525146484,205.40286254882812,37.75
2016-09-16,38.095001220703125,25.65703773498535,20.309999465942383,109.65470886230469,205.91758728027344,37.77000045776367
2016-09-19,38.35499954223633,25.90774917602539,20.56999969482422,109.6458969116211,206.09194946289062,37.81999969482422
2016-09-20,38.36000061035156,25.86216926574707,20.56999969482422,109.91864013671875,208.4497528076172,37.90999984741211
2016-09-21,38.564998626708984,25.98372459411621,20.739999771118164,109.78668212890625,207.7191619873047,38.279998779296875
2016-09-22,38.935001373291016,26.39400291442871,21.020000457763672,110.40251922607422,211.40528869628906,38.380001068115234
2016-09-23,38.81999969482422,26.21924591064453,20.93000030517578,110.18257141113281,210.88226318359375,38.380001068115234
2016-09-26,38.224998474121094,25.824174880981445,20.530000686645508,110.49049377441406,211.7456817626953,38.279998779296875
2016-09-27,38.53499984741211,25.824174880981445,20.700000762939453,110.54328155517578,212.3019256591797,38.08000183105469
2016-09-28,38.55500030517578,25.998924255371094,20.780000686645508,110.64006042480469,213.10723876953125,37.93000030517578
2016-09-29,38.65999984741211,26.021717071533203,20.799999237060547,110.43768310546875,211.96153259277344,37.75
2016-09-30,38.70000076293945,26.067306518554688,20.739999771118164,110.41134643554688,212.3683624267578,37.79999923706055
2016-10-03,38.6349983215332,26.067306518554688,20.809999465942383,110.30574035644531,211.11471557617188,37.79999923706055
2016-10-04,38.86000061035156,26.27243995666504,20.989999771118164,110.2177734375,210.48374938964844,36.97999954223633
2016-10-05,38.720001220703125,26.112884521484375,20.899999618530273,109.69869995117188,206.61495971679688,36.38999938964844
2016-10-06,38.650001525878906,26.00652503967285,20.940000534057617,109.66350555419922,206.764404296875,36.099998474121094
2016-10-07,38.540000915527344,25.74060821533203,20.940000534057617,109.54032897949219,205.80136108398438,35.88999938964844
2016-10-10,38.849998474121094,25.96852684020996,21.209999084472656,109.37320709228516,205.04583740234375,36.29999923706055
2016-10-11,38.70000076293945,25.801393508911133,20.8700008392334,109.55794525146484,206.10023498535156,36.630001068115234
2016-10-12,38.77000045776367,25.72541046142578,20.8799991607666,109.28520965576172,204.59754943847656,36.630001068115234
2016-10-13,38.45000076293945,25.505083084106445,20.549999237060547,109.43476867675781,205.7598114013672,36.630001068115234
2016-10-14,38.8650016784668,25.816585540771484,20.8799991607666,109.39958190917969,205.1703643798828,36.65999984741211
2016-10-17,38.689998626708984,25.641836166381836,20.81999969482422,109.3643798828125,204.75526428222656,36.75
2016-10-18,39.0,25.998924255371094,21.149999618530273,109.50515747070312,205.57717895507812,36.91999816894531
2016-10-19,39.20000076293945,26.10529327392578,21.31999969482422,109.56674194335938,205.89268493652344,37.34000015258789
2016-10-20,39.209999084472656,26.173662185668945,21.360000610351562,109.66350555419922,206.93045043945312,37.2599983215332
2016-10-21,39.34000015258789,26.158472061157227,21.40999984741211,109.71630859375,206.85568237304688,37.4900016784668
2016-10-24,39.46500015258789,26.16607093811035,21.549999237060547,109.62832641601562,206.04212951660156,37.33000183105469
2016-10-25,39.369998931884766,26.082508087158203,21.549999237060547,109.62832641601562,205.88438415527344,37.650001525878906
2016-10-26,39.275001525878906,25.991329193115234,21.309999465942383,109.19722747802734,203.5182647705078,37.380001068115234
2016-10-27,39.185001373291016,25.998924255371094,21.200000762939453,108.65176391601562,200.13931274414062,37.40999984741211
2016-10-28,39.10499954223633,25.90774917602539,21.1299991607666,108.60778045654297,200.31365966796875,37.29999923706055
2016-10-31,38.904998779296875,25.77099609375,21.110000610351562,108.58140563964844,200.09780883789062,37.369998931884766
2016-11-01,38.349998474121094,25.482290267944336,20.68000030517578,108.46701049804688,199.12646484375,37.56999969482422
2016-11-02,37.935001373291016,25.18598175048828,20.3799991607666,108.73973846435547,201.3098907470703,37.779998779296875
2016-11-03,37.849998474121094,25.178388595581055,20.350000381469727,108.6166000366211,200.21401977539062,37.68000030517578
2016-11-04,37.724998474121094,24.980846405029297,20.219999313354492,108.63418579101562,200.77024841308594,37.709999084472656
2016-11-07,38.42499923706055,25.413909912109375,20.81999969482422,108.65176391601562,200.60421752929688,37.33000183105469
2016-11-08,38.61000061035156,25.489887237548828,20.979999542236328,108.46701049804688,199.77401733398438,37.18000030517578
2016-11-09,39.20000076293945,25.90015411376953,20.670000076293945,108.3262710571289,199.19284057617188,37.77000045776367
2016-11-10,39.41999816894531,25.816585540771484,20.209999084472656,107.4640884399414,194.40768432617188,37.36000061035156
2016-11-11,39.334999084472656,25.72541046142578,19.610000610351562,106.98021697998047,191.93414306640625,36.45000076293945
2016-11-14,39.775001525878906,25.77859878540039,19.81999969482422,106.76026916503906,190.82273864746094,36.52000045776367
2016-11-15,39.92499923706055,25.83936882019043,20.100000381469727,107.19136047363281,193.47177124023438,36.65999984741211
2016-11-16,40.1349983215332,25.816585540771484,20.149999618530273,107.05937194824219,192.7530975341797,36.959999084472656
2016-11-17,40.39500045776367,25.9609317779541,20.309999465942383,106.91861724853516,192.56089782714844,36.9900016784668
2016-11-18,40.435001373291016,25.83177947998047,20.25,106.89224243164062,191.9842987060547,36.66999816894531
2016-11-21,40.60499954223633,25.922945022583008,20.3799991607666,106.87464141845703,192.3854217529297,36.72999954223633
2016-11-22,40.619998931884766,25.922945022583008,20.530000686645508,107.23535919189453,193.41323852539062,36.630001068115234
2016-11-23,40.810001373291016,25.94574546813965,20.510000228881836,106.90982818603516,191.49122619628906,36.20000076293945
2016-11-24,40.95500183105469,26.03692054748535,20.549999237060547,106.9714126586914,191.49960327148438,36.060001373291016
2016-11-25,40.904998779296875,26.090097427368164,20.579999923706055,106.9714126586914,191.74195861816406,35.779998779296875
2016-11-28,40.85499954223633,25.87736701965332,20.729999542236328,107.17377471923828,193.0204620361328,36.130001068115234
2016-11-29,40.845001220703125,25.976125717163086,20.719999313354492,107.27054595947266,193.29629516601562,35.91999816894531
2016-11-30,41.01499938964844,26.052114486694336,20.84000015258789,106.96260070800781,191.81715393066406,35.630001068115234
2016-12-01,40.619998931884766,25.9609317779541,20.610000610351562,106.58431243896484,189.694580078125,35.38999938964844
2016-12-02,40.459999084472656,25.86975860595703,20.459999084472656,107.20015716552734,192.26007080078125,35.400001525878906
2016-12-05,40.51499938964844,26.044506072998047,20.43000030517578,106.78665161132812,191.08180236816406,34.959999084472656
2016-12-06,40.54999923706055,26.280038833618164,20.5,106.76905059814453,191.14865112304688,35.08000183105469
2016-12-07,40.779998779296875,26.553546905517578,20.68000030517578,106.9978256225586,192.46060180664062,35.20000076293945
2016-12-08,41.67499923706055,26.87264060974121,21.09000015258789,106.77788543701172,189.6778564453125,35.470001220703125
2016-12-09,42.1150016784668,27.130962371826172,21.25,106.67229461669922,188.23219299316406,35.459999084472656
2016-12-12,41.96500015258789,27.009401321411133,21.0,106.51393127441406,186.8533477783203,35.22999954223633
2016-12-13,42.01499938964844,27.260120391845703,21.049999237060547,106.92742156982422,189.36866760253906,35.0
2016-12-14,41.93000030517578,27.085386276245117,20.93000030517578,107.31452941894531,191.6834259033203,35.13999938964844
2016-12-15,42.744998931884766,27.398746490478516,21.030000686645508,107.05937194824219,190.31297302246094,34.81999969482422
2016-12-16,42.4900016784668,27.47515106201172,20.93000030517578,107.19136047363281,191.39930725097656,35.06999969482422
2016-12-19,42.53499984741211,27.46750831604004,20.84000015258789,107.45528411865234,193.84780883789062,35.11000061035156
2016-12-20,42.880001068115234,27.55156135559082,20.940000534057617,107.45528411865234,193.77259826660156,34.939998626708984
2016-12-21,42.685001373291016,27.55919075012207,20.84000015258789,107.67522430419922,194.666748046875,34.900001525878906
2016-12-22,42.439998626708984,27.47515106201172,20.440000534057617,107.61363983154297,193.52191162109375,34.810001373291016
2016-12-23,42.4900016784668,27.482791900634766,20.579999923706055,107.79841613769531,195.23497009277344,34.90999984741211
2016-12-27,42.54499816894531,27.49043083190918,20.700000762939453,107.95674896240234,195.26844787597656,34.97999954223633
2016-12-28,42.709999084472656,27.605043411254883,20.93000030517578,107.88638305664062,195.35202026367188,35.2599983215332
2016-12-29,42.21500015258789,27.536287307739258,21.030000686645508,107.97434997558594,196.33804321289062,35.47999954223633
2016-12-30,42.029998779296875,27.605043411254883,20.81999969482422,107.84239196777344,193.97314453125,35.349998474121094
2017-01-02,42.52000045776367,27.811321258544922,21.010000228881836,107.95674896240234,194.625,35.43000030517578
2017-01-03,42.630001068115234,27.910659790039062,21.280000686645508,107.41129302978516,191.6750946044922,35.790000915527344
2017-01-04,42.75,27.88010025024414,21.31999969482422,107.26172637939453,190.5302276611328,35.7400016784668
2017-01-05,42.42499923706055,27.941221237182617,21.299999237060547,107.20015716552734,190.61380004882812,35.939998626708984
2017-01-06,42.665000915527344,27.910659790039062,21.329999923706055,106.95381164550781,189.51077270507812,35.72999954223633
2017-01-09,42.54999923706055,27.757856369018555,21.309999465942383,107.14736938476562,190.44667053222656,35.97999954223633
2017-01-10,42.56999969482422,27.811321258544922,21.469999313354492,107.1561508178711,190.71409606933594,36.119998931884766
2017-01-11,42.73500061035156,27.857175827026367,21.579999923706055,107.38490295410156,191.85057067871094,36.33000183105469
2017-01-12,42.125,27.650880813598633,21.489999771118164,107.28824615478516,191.25723266601562,36.2599983215332
2017-01-13,42.61000061035156,27.948856353759766,21.610000610351562,107.14664459228516,189.87843322753906,36.15999984741211
2017-01-16,42.470001220703125,27.696731567382812,21.510000228881836,107.17320251464844,189.95361328125,36.5099983215332
2017-01-17,42.095001220703125,27.635595321655273,21.43000030517578,107.14664459228516,190.27120971679688,36.5099983215332
2017-01-18,42.20000076293945,27.696731567382812,21.5,107.00503540039062,189.1430206298828,36.54999923706055
2017-01-19,42.31999969482422,27.689088821411133,21.450000762939453,106.85458374023438,188.32412719726562,36.33000183105469
2017-01-20,42.279998779296875,27.658523559570312,21.360000610351562,106.50054931640625,186.41043090820312,36.25
2017-01-23,41.875,27.49807357788086,21.469999313354492,106.7926254272461,188.1820526123047,36.43000030517578
2017-01-24,42.0,27.58212661743164,21.68000030517578,106.60674285888672,187.0455780029297,36.2599983215332
2017-01-25,42.4900016784668,27.941221237182617,21.850000381469727,106.23501586914062,185.48289489746094,35.90999984741211
2017-01-26,42.80500030517578,28.025272369384766,22.010000228881836,105.99606323242188,184.10401916503906,35.7599983215332
2017-01-27,42.6150016784668,27.925947189331055,21.889999389648438,106.03145599365234,184.71408081054688,35.7400016784668
2017-01-30,42.20000076293945,27.650880813598633,21.739999771118164,105.96951293945312,184.3046112060547,36.0
2017-01-31,41.78499984741211,27.436948776245117,21.59000015258789,106.13765716552734,185.05670166015625,36.119998931884766
2017-02-01,42.14500045776367,27.689088821411133,21.760000228881836,105.88099670410156,183.3018035888672,36.029998779296875
2017-02-02,42.029998779296875,27.620325088500977,21.739999771118164,106.13765716552734,184.63882446289062,36.22999954223633
2017-02-03,42.32500076293945,27.757856369018555,21.950000762939453,106.08455657958984,183.69451904296875,36.369998931884766
2017-02-06,42.36000061035156,27.589765548706055,22.010000228881836,105.9164047241211,182.48281860351562,36.81999969482422
2017-02-07,42.529998779296875,27.658523559570312,21.989999771118164,105.9872055053711,182.74191284179688,37.13999938964844
2017-02-08,42.540000915527344,27.73491859436035,22.09000015258789,106.39433288574219,185.14022827148438,37.310001373291016
2017-02-09,42.91999816894531,27.979421615600586,22.309999465942383,106.47399139404297,186.11795043945312,37.220001220703125
2017-02-10,43.11000061035156,28.03290557861328,22.459999084472656,106.27928161621094,184.09568786621094,37.31999969482422
2017-02-13,43.4900016784668,28.246843338012695,22.649999618530273,106.25272369384766,184.4967803955078,37.099998474121094
2017-02-14,43.564998626708984,28.23919677734375,22.65999984741211,106.25272369384766,183.736328125,37.27000045776367
2017-02-15,43.775001525878906,28.338533401489258,22.860000610351562,106.10225677490234,183.35194396972656,37.36000061035156
2017-02-16,43.5,28.246843338012695,22.68000030517578,106.42088317871094,185.49122619628906,37.41999816894531
2017-02-17,43.6150016784668,28.246843338012695,22.600000381469727,106.49169158935547,185.90069580078125,37.4900016784668
2017-02-20,43.82500076293945,28.300325393676758,22.790000915527344,106.456298828125,185.6249237060547,37.47999954223633
2017-02-21,44.20000076293945,28.491336822509766,23.010000228881836,106.35009002685547,184.7558135986328,37.720001220703125
2017-02-22,44.21500015258789,28.514249801635742,23.100000381469727,106.50938415527344,185.7252197265625,37.619998931884766
2017-02-23,44.084999084472656,28.514249801635742,23.100000381469727,106.65985107421875,186.8700408935547,37.91999816894531
2017-02-24,43.915000915527344,28.231563568115234,22.829999923706055,107.06698608398438,189.07618713378906,38.220001220703125
2017-02-27,43.834999084472656,28.21628189086914,22.709999084472656,107.16437530517578,189.42713928222656,38.25
2017-02-28,43.880001068115234,28.246843338012695,22.59000015258789,107.22630310058594,189.73635864257812,38.060001373291016
2017-03-01,44.54499816894531,28.705276489257812,22.8799991607666,106.87227630615234,187.9814910888672,37.869998931884766
2017-03-02,44.52000045776367,28.728191375732422,22.719999313354492,106.77490234375,187.279541015625,37.790000915527344
2017-03-03,44.314998626708984,28.6976375579834,22.649999618530273,106.61561584472656,186.73631286621094,37.310001373291016
2017-03-06,44.07500076293945,28.56010627746582,22.6299991607666,106.63330078125,186.61936950683594,37.290000915527344
2017-03-07,44.05500030517578,28.498966217041016,22.739999771118164,106.60674285888672,185.6249237060547,37.0099983215332
2017-03-08,44.13999938964844,28.47605323791504,22.690000534057617,106.25272369384766,184.31292724609375,36.84000015258789
2017-03-09,44.0,28.544824600219727,22.360000610351562,105.99606323242188,182.9006805419922,36.59000015258789
2017-03-10,43.814998626708984,28.498966217041016,22.34000015258789,105.57119750976562,181.722412109375,36.18000030517578
2017-03-13,43.90999984741211,28.636503219604492,22.670000076293945,105.73053741455078,182.54971313476562,36.36000061035156
2017-03-14,43.83000183105469,28.544824600219727,22.65999984741211,105.81903839111328,182.8672332763672,36.40999984741211
2017-03-15,44.084999084472656,28.6657657623291,22.790000915527344,106.11109924316406,184.46339416503906,36.29999923706055
2017-03-16,43.97999954223633,28.895702362060547,23.1200008392334,105.88983154296875,182.99261474609375,36.810001373291016
2017-03-17,43.96500015258789,28.972352981567383,23.06999969482422,105.88099670410156,183.01768493652344,36.779998779296875
2017-03-20,43.89500045776367,28.918691635131836,23.34000015258789,105.87214660644531,182.87559509277344,36.90999984741211
2017-03-21,43.349998474121094,28.773073196411133,23.020000457763672,105.88983154296875,183.3184814453125,37.0099983215332
2017-03-22,43.189998626708984,28.65043830871582,23.049999237060547,106.1996078491211,185.22381591796875,37.189998626708984
2017-03-23,43.52000045776367,28.888023376464844,23.1200008392334,106.13765716552734,184.86447143554688,37.099998474121094
2017-03-24,43.369998931884766,28.85738182067871,23.110000610351562,106.25272369384766,185.83384704589844,37.15999984741211
2017-03-27,42.939998626708984,28.750072479248047,22.850000381469727,106.33236694335938,186.1514129638672,37.060001373291016
2017-03-28,43.29499816894531,28.895702362060547,23.010000228881836,106.50054931640625,186.5190887451172,37.209999084472656
2017-03-29,43.720001220703125,28.995336532592773,23.229999542236328,106.73065185546875,187.2711944580078,37.45000076293945
2017-03-30,44.005001068115234,29.217620849609375,23.280000686645508,106.7218246459961,187.4801025390625,37.439998626708984
2017-03-31,44.09000015258789,29.294261932373047,23.1200008392334,106.63330078125,187.11241149902344,37.470001220703125
2017-04-03,43.88999938964844,29.1333065032959,23.290000915527344,106.81031036376953,187.43829345703125,37.83000183105469
2017-04-04,43.994998931884766,29.209959030151367,23.3700008392334,106.94307708740234,188.3324432373047,37.869998931884766
2017-04-05,44.16999816894531,29.186960220336914,23.420000076293945,107.05814361572266,188.39097595214844,37.650001525878906
2017-04-06,44.064998626708984,29.248275756835938,23.299999237060547,107.00503540039062,188.6584014892578,37.790000915527344
2017-04-07,44.16999816894531,29.332582473754883,23.350000381469727,107.21743774414062,189.4188232421875,38.34000015258789
2017-04-10,44.220001220703125,29.30193328857422,23.219999313354492,107.17320251464844,189.26837158203125,38.0
2017-04-11,43.970001220703125,29.317256927490234,23.06999969482422,107.05814361572266,188.80044555664062,38.5099983215332
2017-04-12,44.07500076293945,29.347911834716797,23.18000030517578,107.18203735351562,189.2600555419922,38.63999938964844
2017-04-13,43.97999954223633,29.240612030029297,23.34000015258789,107.19975280761719,189.12632751464844,38.86000061035156
2017-04-18,43.54499816894531,28.926359176635742,23.010000228881836,107.35021209716797,190.17092895507812,38.790000915527344
2017-04-19,43.625,29.00300407409668,22.93000030517578,107.1908950805664,189.84500122070312,38.40999984741211
2017-04-20,43.494998931884766,29.056655883789062,22.93000030517578,107.15548706054688,189.73635864257812,38.279998779296875
2017-04-21,43.7599983215332,29.07964324951172,23.1200008392334,107.04927825927734,189.6110076904297,38.58000183105469
2017-04-24,43.7400016784668,29.73114776611328,23.059999465942383,107.1023941040039,190.12074279785156,37.75
2017-04-25,43.744998931884766,29.792476654052734,23.1299991607666,106.82801818847656,188.17369079589844,37.2599983215332
2017-04-26,44.099998474121094,29.91509246826172,23.25,106.86341857910156,187.77256774902344,37.369998931884766
2017-04-27,43.939998626708984,29.907663345336914,23.1299991607666,107.23515319824219,188.9508514404297,37.439998626708984
2017-04-28,43.78499984741211,29.83024787902832,23.079999923706055,107.12894439697266,188.38259887695312,37.400001525878906
2017-05-02,43.904998779296875,30.047027587890625,23.360000610351562,107.1023941040039,188.04832458496094,36.97999954223633
2017-05-03,43.80500030517578,30.05476951599121,23.229999542236328,107.2086181640625,188.57481384277344,36.7599983215332
2017-05-04,43.84000015258789,30.271549224853516,22.989999771118164,107.05814361572266,187.7892608642578,36.09000015258789
2017-05-05,43.81999969482422,30.503808975219727,22.920000076293945,107.0315933227539,188.38259887695312,35.95000076293945
2017-05-08,44.119998931884766,30.496065139770508,23.170000076293945,106.9961929321289,187.72242736816406,36.15999984741211
2017-05-09,44.279998779296875,30.6121883392334,23.489999771118164,106.88111877441406,186.8282928466797,35.970001220703125
2017-05-10,44.33000183105469,30.65091323852539,23.600000381469727,106.9519271850586,187.49681091308594,36.130001068115234
2017-05-11,44.165000915527344,30.558008193969727,23.59000015258789,106.82801818847656,186.32366943359375,36.220001220703125
2017-05-12,44.084999084472656,30.67411994934082,23.639999389648438,107.05814361572266,187.25735473632812,36.16999816894531
2017-05-15,44.130001068115234,30.71283721923828,23.700000762939453,106.9165267944336,186.36566162109375,36.099998474121094
2017-05-16,43.84000015258789,30.705108642578125,23.520000457763672,106.87227630615234,186.6348419189453,35.970001220703125
2017-05-17,43.14500045776367,30.302515029907227,23.15999984741211,107.19975280761719,188.19114685058594,36.310001373291016
2017-05-18,43.09000015258789,30.225093841552734,22.739999771118164,107.23515319824219,188.7042999267578,36.25
2017-05-19,43.18000030517578,30.40316390991211,22.989999771118164,107.21743774414062,188.68746948242188,36.029998779296875
2017-05-22,43.19499969482422,30.395423889160156,22.950000762939453,107.11123657226562,187.88832092285156,36.08000183105469
2017-05-23,43.310001373291016,30.472837448120117,22.969999313354492,107.19975280761719,188.11537170410156,36.040000915527344
2017-05-24,43.47999954223633,30.488319396972656,23.110000610351562,107.1200942993164,188.26686096191406,36.060001373291016
2017-05-25,43.51499938964844,30.488319396972656,23.200000762939453,107.34134674072266,189.2342987060547,36.04999923706055
2017-05-26,43.599998474121094,30.434131622314453,23.329999923706055,107.52721405029297,190.2942352294922,36.459999084472656
2017-05-29,43.625,30.48057746887207,23.299999237060547,107.60687255859375,190.20167541503906,36.47999954223633
2017-05-30,43.564998626708984,30.364456176757812,23.200000762939453,107.580322265625,189.99136352539062,36.31999969482422
2017-05-31,43.310001373291016,30.333484649658203,22.940000534057617,107.60687255859375,189.4866485595703,36.279998779296875
2017-06-01,43.584999084472656,30.511554718017578,23.1299991607666,107.45641326904297,189.15853881835938,36.27000045776367
2017-06-02,43.709999084472656,30.573488235473633,23.170000076293945,107.52721405029297,189.47824096679688,36.439998626708984
2017-06-05,43.75,30.573488235473633,23.209999084472656,107.45641326904297,188.78001403808594,36.439998626708984
2017-06-06,43.595001220703125,30.310253143310547,23.170000076293945,107.67768096923828,190.02505493164062,36.93000030517578
2017-06-07,43.64500045776367,30.302515029907227,23.139999389648438,107.61573791503906,189.15011596679688,36.900001525878906
2017-06-08,43.76499938964844,30.310253143310547,23.3700008392334,107.74849700927734,190.4792938232422,36.56999969482422
2017-06-09,44.025001525878906,30.41090202331543,23.469999313354492,107.9078140258789,191.0849151611328,36.43000030517578
2017-06-12,43.689998626708984,30.124454498291016,23.15999984741211,108.07596588134766,192.2542724609375,36.36000061035156
2017-06-13,43.869998931884766,30.2637939453125,23.229999542236328,108.09366607666016,192.8094940185547,36.25
2017-06-14,43.67499923706055,30.217344284057617,23.239999771118164,108.31494140625,194.23117065429688,36.40999984741211
2017-06-15,43.83000183105469,30.096038818359375,23.110000610351562,107.98747253417969,192.9861602783203,36.150001525878906
2017-06-16,43.79999923706055,30.284149169921875,23.06999969482422,108.0140151977539,192.5907440185547,36.08000183105469
2017-06-19,44.25,30.550613403320312,23.399999618530273,108.08482360839844,193.28057861328125,35.970001220703125
2017-06-20,44.20500183105469,30.307649612426758,23.239999771118164,108.16446685791016,194.197509765625,35.959999084472656
2017-06-21,43.9900016784668,30.299814224243164,23.260000228881836,108.25297546386719,194.64337158203125,35.95000076293945
2017-06-22,44.04999923706055,30.276304244995117,23.3700008392334,108.28837585449219,195.1986083984375,36.04999923706055
2017-06-23,43.880001068115234,30.197925567626953,23.31999969482422,108.23529052734375,194.80322265625,36.09000015258789
2017-06-26,43.92499923706055,30.315500259399414,23.479999542236328,108.27953338623047,194.79478454589844,36.09000015258789
2017-06-27,43.55500030517578,30.072521209716797,23.200000762939453,107.580322265625,191.7916259765625,35.72999954223633
2017-06-28,43.3849983215332,30.096038818359375,23.040000915527344,107.72193908691406,192.1449432373047,35.52000045776367
2017-06-29,42.915000915527344,29.625795364379883,22.719999313354492,107.06698608398438,189.0659942626953,35.38999938964844
2017-06-30,42.880001068115234,29.563095092773438,22.8799991607666,106.96964263916016,188.37623596191406,35.02000045776367
2017-07-03,43.31999969482422,29.900100708007812,23.059999465942383,107.04044342041016,188.09860229492188,34.61000061035156
2017-07-04,43.18000030517578,29.751195907592773,22.969999313354492,107.04044342041016,187.75372314453125,34.66999816894531
2017-07-05,43.244998931884766,29.892253875732422,22.969999313354492,107.05814361572266,187.9219512939453,34.689998626708984
2017-07-06,42.880001068115234,29.67281150817871,22.719999313354492,106.42088317871094,185.16275024414062,34.540000915527344
2017-07-07,42.88999938964844,29.657142639160156,22.729999542236328,106.41204071044922,184.68319702148438,34.16999816894531
2017-07-10,43.02000045776367,29.782541275024414,22.93000030517578,106.58906555175781,185.67593383789062,34.2599983215332
2017-07-11,42.779998779296875,29.5709228515625,22.940000534057617,106.51822662353516,185.1122589111328,34.18000030517578
2017-07-12,43.29999923706055,30.03333854675293,23.420000076293945,106.78376007080078,186.3740997314453,34.40999984741211
2017-07-13,43.459999084472656,30.135217666625977,23.59000015258789,106.64405822753906,185.70111083984375,34.38999938964844
2017-07-14,43.36000061035156,30.197925567626953,23.709999084472656,106.72413635253906,186.33200073242188,34.470001220703125
2017-07-17,43.43000030517578,30.190086364746094,23.639999389648438,106.83984375,187.20689392089844,34.630001068115234
2017-07-18,42.97999954223633,29.884424209594727,23.459999084472656,106.96443176269531,188.0229034423828,34.5099983215332
2017-07-19,43.3849983215332,30.103870391845703,23.809999465942383,107.07123565673828,188.3426055908203,34.66999816894531
2017-07-20,43.064998626708984,29.97847557067871,23.579999923706055,107.24031829833984,189.15853881835938,34.41999816894531
2017-07-21,42.88999938964844,29.680644989013672,23.489999771118164,107.36490631103516,189.81472778320312,34.52000045776367
2017-07-24,42.85499954223633,29.586597442626953,23.559999465942383,107.40940856933594,189.92408752441406,34.709999084472656
2017-07-25,43.060001373291016,29.73550796508789,23.56999969482422,107.12462615966797,188.09860229492188,34.529998779296875
2017-07-26,43.130001068115234,29.876583099365234,23.610000610351562,107.17802429199219,188.21636962890625,34.5099983215332
2017-07-27,43.09000015258789,29.860910415649414,23.709999084472656,107.33822631835938,188.68746948242188,34.709999084472656
2017-07-28,42.584999084472656,29.531742095947266,23.329999923706055,107.25811004638672,188.19114685058594,34.720001220703125
2017-07-31,42.540000915527344,29.500383377075195,23.299999237060547,107.27590942382812,188.931396484375,34.599998474121094
2017-08-01,42.6349983215332,29.727680206298828,23.3799991607666,107.67639923095703,190.93357849121094,34.65999984741211
2017-08-02,42.3650016784668,29.586597442626953,23.239999771118164,107.7742919921875,190.96722412109375,34.4900016784668
2017-08-03,42.349998474121094,29.60227394104004,23.110000610351562,107.84547424316406,191.67384338378906,34.34000015258789
2017-08-04,42.849998474121094,29.90793228149414,23.450000762939453,107.72980499267578,190.94195556640625,34.40999984741211
2017-08-07,42.720001220703125,29.876583099365234,23.530000686645508,107.8899917602539,191.48873901367188,34.34000015258789
2017-08-08,42.96500015258789,29.92360496520996,23.790000915527344,107.74758911132812,191.11862182617188,34.34000015258789
2017-08-09,42.654998779296875,29.69632911682129,23.40999984741211,107.9522705078125,192.1365203857422,34.90999984741211
2017-08-10,42.36000061035156,29.406333923339844,23.059999465942383,107.98787689208984,192.11126708984375,35.16999816894531
2017-08-11,41.959999084472656,29.100683212280273,22.81999969482422,108.11246490478516,192.70013427734375,35.119998931884766
2017-08-14,42.42499923706055,29.390663146972656,23.18000030517578,108.05907440185547,192.26268005371094,35.04999923706055
2017-08-15,42.560001373291016,29.461206436157227,23.209999084472656,107.8543930053711,191.31214904785156,34.86000061035156
2017-08-16,42.78499984741211,29.64929962158203,23.479999542236328,107.83658599853516,191.0429229736328,34.97999954223633
2017-08-17,42.435001373291016,29.523895263671875,23.360000610351562,107.9344711303711,191.56448364257812,35.16999816894531
2017-08-18,42.154998779296875,29.296619415283203,23.40999984741211,107.9522705078125,191.94300842285156,35.34000015258789
2017-08-21,41.834999084472656,29.163368225097656,23.31999969482422,108.04127502441406,192.094482421875,35.099998474121094
2017-08-22,42.27000045776367,29.429845809936523,23.639999389648438,107.98787689208984,191.3205108642578,35.18000030517578
2017-08-23,42.1349983215332,29.257427215576172,23.600000381469727,108.02346801757812,191.42147827148438,35.040000915527344
2017-08-24,42.040000915527344,29.31229019165039,23.649999618530273,108.01458740234375,191.39625549316406,35.099998474121094
2017-08-25,41.939998626708984,29.30445098876953,23.68000030517578,108.00569915771484,191.21954345703125,34.93000030517578
2017-08-28,41.64500045776367,29.0693302154541,23.489999771118164,108.05017852783203,191.38778686523438,35.099998474121094
2017-08-29,41.314998626708984,28.826364517211914,23.260000228881836,108.13028717041016,192.38046264648438,35.220001220703125
2017-08-30,41.81999969482422,29.04581642150879,23.530000686645508,108.09466552734375,191.90098571777344,35.31999969482422
2017-08-31,42.185001373291016,29.28877830505371,23.670000076293945,108.16586303710938,192.3720245361328,35.66999816894531
2017-09-01,42.404998779296875,29.469039916992188,23.8700008392334,108.05017852783203,191.02609252929688,35.810001373291016
2017-09-04,42.099998474121094,29.280942916870117,23.610000610351562,108.13028717041016,191.40464782714844,36.02000045776367
2017-09-05,42.05500030517578,29.24958610534668,23.59000015258789,108.33496856689453,192.5907440185547,36.040000915527344
2017-09-06,42.0099983215332,29.265262603759766,23.56999969482422,108.21038818359375,192.45619201660156,36.04999923706055
2017-09-07,41.869998931884766,29.320127487182617,23.610000610351562,108.52185821533203,193.89471435546875,36.0
2017-09-08,41.89500045776367,29.406333923339844,23.489999771118164,108.33496856689453,192.87680053710938,35.959999084472656
2017-09-11,42.375,29.680644989013672,23.889999389648438,108.27266693115234,192.58236694335938,35.79999923706055
2017-09-12,42.57500076293945,29.821725845336914,23.899999618530273,107.89888763427734,190.6390838623047,35.65999984741211
2017-09-13,42.7599983215332,29.821725845336914,23.93000030517578,107.9344711303711,190.6811981201172,35.75
2017-09-14,42.84000015258789,29.884424209594727,24.0,107.86328125,190.31947326660156,35.849998474121094
2017-09-15,42.57500076293945,29.803390502929688,23.940000534057617,107.7742919921875,190.26052856445312,35.540000915527344
2017-09-18,42.72999954223633,29.874956130981445,24.1200008392334,107.7031021118164,189.82313537597656,35.18000030517578
2017-09-19,42.73500061035156,29.906768798828125,24.030000686645508,107.80988311767578,190.23532104492188,35.130001068115234
2017-09-20,42.65999984741211,29.88290023803711,24.040000915527344,107.83658599853516,190.36990356445312,35.18000030517578
2017-09-21,42.78499984741211,29.98627471923828,24.09000015258789,107.71199035644531,189.84835815429688,34.83000183105469
2017-09-22,42.68000030517578,29.994234085083008,23.850000381469727,107.74758911132812,190.09230041503906,34.79999923706055
2017-09-25,42.970001220703125,30.081695556640625,23.670000076293945,107.89888763427734,190.6811981201172,35.349998474121094
2017-09-26,43.22999954223633,30.065799713134766,23.790000915527344,107.88107299804688,190.45404052734375,35.54999923706055
2017-09-27,43.349998474121094,30.137365341186523,23.639999389648438,107.58741760253906,188.93983459472656,35.22999954223633
2017-09-28,43.35499954223633,30.200977325439453,23.549999237060547,107.56070709228516,188.98190307617188,35.060001373291016
2017-09-29,43.41999816894531,30.375917434692383,23.75,107.68529510498047,189.72218322753906,34.95000076293945
2017-10-02,43.80500030517578,30.527000427246094,24.020000457763672,107.65860748291016,189.46141052246094,34.90999984741211
2017-10-03,43.834999084472656,30.527000427246094,24.25,107.55181121826172,188.78001403808594,34.90999984741211
2017-10-04,43.900001525878906,30.55084991455078,24.31999969482422,107.5962905883789,188.86415100097656,34.849998474121094
2017-10-05,44.14500045776367,30.582656860351562,24.610000610351562,107.64971160888672,189.3940887451172,34.97999954223633
2017-10-06,44.04499816894531,30.495193481445312,24.389999389648438,107.69420623779297,189.4950408935547,34.95000076293945
2017-10-09,44.08000183105469,30.542896270751953,24.350000381469727,107.74758911132812,190.03343200683594,35.11000061035156
2017-10-10,43.90999984741211,30.527000427246094,24.489999771118164,107.73869323730469,189.65489196777344,35.18000030517578
2017-10-11,43.84000015258789,30.542896270751953,24.479999542236328,107.68529510498047,189.68014526367188,34.970001220703125
2017-10-12,43.900001525878906,30.542896270751953,24.579999923706055,107.86328125,190.22691345214844,35.11000061035156
2017-10-13,44.029998779296875,30.646278381347656,24.780000686645508,108.08577728271484,191.38778686523438,35.34000015258789
2017-10-16,44.130001068115234,30.630369186401367,24.84000015258789,108.2370834350586,192.2206573486328,35.5099983215332
2017-10-17,44.244998931884766,30.566753387451172,24.780000686645508,108.3260726928711,192.8431396484375,35.13999938964844
2017-10-18,44.29499816894531,30.662179946899414,24.81999969482422,108.16586303710938,191.8084259033203,34.97999954223633
2017-10-19,43.96500015258789,30.455432891845703,24.450000762939453,108.18367767333984,191.78318786621094,35.0
2017-10-20,44.314998626708984,30.527000427246094,24.700000762939453,107.89888763427734,190.33628845214844,34.959999084472656
2017-10-23,44.505001068115234,30.5747013092041,24.6200008392334,108.05017852783203,191.12701416015625,34.869998931884766
2017-10-24,44.3650016784668,30.487245559692383,24.649999618530273,107.84547424316406,190.1259765625,34.880001068115234
2017-10-25,43.970001220703125,30.288442611694336,24.3799991607666,107.82769012451172,190.20167541503906,34.77000045776367
2017-10-26,44.51499938964844,30.62241554260254,24.700000762939453,108.18367767333984,191.47190856933594,34.970001220703125
2017-10-27,45.09000015258789,30.813276290893555,25.0,108.3527603149414,191.875732421875,35.310001373291016
2017-10-30,44.880001068115234,30.82121467590332,24.850000381469727,108.6019515991211,193.54136657714844,35.310001373291016
2017-10-31,44.96500015258789,30.82121467590332,24.989999771118164,108.66424560546875,194.4077911376953,35.310001373291016
2017-11-01,45.154998779296875,31.059768676757812,25.270000457763672,108.7354507446289,194.26480102539062,35.34000015258789
2017-11-02,44.96500015258789,30.924591064453125,25.1299991607666,108.69985961914062,194.34051513671875,35.189998626708984
2017-11-03,45.220001220703125,31.01999855041504,25.170000076293945,108.74434661865234,194.55923461914062,35.11000061035156
2017-11-06,45.32500076293945,31.03591537475586,25.329999923706055,108.89564514160156,195.10606384277344,35.43000030517578
2017-11-07,45.40999984741211,30.90073585510254,25.34000015258789,109.08255004882812,196.4015350341797,35.41999816894531
2017-11-08,45.375,30.86098289489746,25.389999389648438,108.94904327392578,195.9304656982422,35.70000076293945
2017-11-09,44.98500061035156,30.527000427246094,25.18000030517578,108.59305572509766,193.6170654296875,35.47999954223633
2017-11-10,44.8650016784668,30.431568145751953,25.030000686645508,108.4417724609375,192.75059509277344,35.209999084472656
2017-11-13,44.83000183105469,30.208927154541016,25.0,108.43285369873047,192.83473205566406,35.27000045776367
2017-11-14,44.32500076293945,30.04193115234375,24.600000381469727,108.49518585205078,193.25535583496094,34.97999954223633
2017-11-15,44.095001220703125,29.914716720581055,24.459999084472656,108.56636047363281,193.810546875,34.84000015258789
2017-11-16,44.44499969482422,30.145305633544922,24.899999618530273,108.61976623535156,193.59982299804688,34.959999084472656
2017-11-17,44.32500076293945,30.081695556640625,25.010000228881836,108.68206024169922,193.9978790283203,35.13999938964844
2017-11-20,44.584999084472656,30.288442611694336,25.190000534057617,108.7354507446289,194.37905883789062,35.11000061035156
2017-11-21,44.875,30.415672302246094,25.6200008392334,108.9312515258789,195.97140502929688,35.09000015258789
2017-11-22,44.689998626708984,30.32819366455078,25.440000534057617,108.97573852539062,196.40342712402344,35.209999084472656
2017-11-23,44.55500030517578,30.360002517700195,25.290000915527344,108.96683502197266,196.31869506835938,35.029998779296875
2017-11-24,44.3849983215332,30.30434799194336,25.1299991607666,108.79776000976562,195.42930603027344,34.66999816894531
2017-11-27,44.30500030517578,30.16122055053711,24.90999984741211,108.94904327392578,196.05612182617188,34.959999084472656
2017-11-28,44.6150016784668,30.33615493774414,25.110000610351562,108.9846420288086,196.1577606201172,35.06999969482422
2017-11-29,44.82500076293945,30.399770736694336,24.850000381469727,108.74434661865234,195.2176055908203,34.81999969482422
2017-11-30,44.810001373291016,30.2963924407959,24.59000015258789,108.92235565185547,196.29327392578125,34.47999954223633
2017-12-01,44.42499923706055,30.049890518188477,24.299999237060547,109.28723907470703,198.3938446044922,34.72999954223633
2017-12-04,45.10499954223633,30.391815185546875,24.56999969482422,109.0914306640625,197.23345947265625,34.560001373291016
2017-12-05,45.095001220703125,30.33615493774414,24.670000076293945,109.21603393554688,197.6400146484375,34.36000061035156
2017-12-06,44.970001220703125,30.32819366455078,24.170000076293945,109.33171844482422,198.07200622558594,34.470001220703125
2017-12-07,45.05500030517578,30.312294006347656,24.309999465942383,109.34952545166016,198.24986267089844,34.15999984741211
2017-12-08,45.314998626708984,30.566753387451172,24.56999969482422,109.32281494140625,198.41928100585938,34.150001525878906
2017-12-11,45.31999969482422,30.534950256347656,24.649999618530273,109.31391906738281,198.56324768066406,33.959999084472656
2017-12-12,45.790000915527344,30.757612228393555,24.6200008392334,109.1003189086914,197.462158203125,33.939998626708984
2017-12-13,45.685001373291016,30.67808723449707,24.790000915527344,109.03804016113281,196.50503540039062,34.04999923706055
2017-12-14,45.5099983215332,30.55084991455078,24.760000228881836,109.08255004882812,196.71676635742188,34.2599983215332
2017-12-15,45.619998931884766,30.48548698425293,24.75,109.1003189086914,197.38589477539062,34.279998779296875
2017-12-18,45.880001068115234,30.828819274902344,24.950000762939453,109.18042755126953,197.37747192382812,34.38999938964844
2017-12-19,45.65999984741211,30.693084716796875,24.81999969482422,108.74434661865234,194.71783447265625,34.2599983215332
2017-12-20,45.3849983215332,30.517427444458008,24.75,108.57525634765625,194.0741424560547,34.2400016784668
2017-12-21,45.584999084472656,30.68511199951172,24.889999389648438,108.6019515991211,194.2096710205078,34.29999923706055
2017-12-22,45.59000015258789,30.549362182617188,25.040000915527344,108.50406646728516,194.12498474121094,34.58000183105469
2017-12-27,45.564998626708984,30.605260848999023,25.1200008392334,108.68206024169922,194.53997802734375,34.779998779296875
2017-12-28,45.36000061035156,30.501461029052734,25.15999984741211,108.40615844726562,193.13397216796875,34.83000183105469
2017-12-29,45.18000030517578,30.549362182617188,25.110000610351562,108.25487518310547,192.10906982421875,34.7599983215332
2018-01-02,45.165000915527344,30.425321578979492,25.40999984741211,107.99678802490234,190.3388214111328,35.029998779296875
2018-01-03,45.5099983215332,30.597129821777344,25.780000686645508,108.1391830444336,191.3637237548828,35.20800018310547
2018-01-04,45.76499938964844,30.91676902770996,25.84000015258789,108.29048156738281,192.21072387695312,35.13399887084961
2018-01-05,46.08000183105469,31.220426559448242,26.100000381469727,108.29048156738281,192.24459838867188,35.268001556396484
2018-01-08,46.38999938964844,31.26836585998535,26.25,108.37946319580078,192.8036346435547,35.37200164794922
2018-01-09,46.75,31.42418670654297,26.280000686645508,108.19258117675781,191.4653778076172,35.38600158691406
2018-01-10,46.46500015258789,31.32030487060547,26.040000915527344,108.11246490478516,191.26210021972656,35.417999267578125
2018-01-11,46.32500076293945,31.24839210510254,25.93000030517578,107.83209991455078,190.8978729248047,35.29199981689453
2018-01-12,46.404998779296875,31.32430076599121,26.100000381469727,108.0378646850586,192.4901885986328,35.290000915527344
2018-01-15,46.150001525878906,31.24439239501953,25.75,107.94841003417969,191.57545471191406,35.16999816894531
2018-01-16,46.279998779296875,31.300329208374023,26.040000915527344,108.07366180419922,192.6342315673828,35.09000015258789
2018-01-17,46.224998474121094,31.284351348876953,26.100000381469727,108.07366180419922,192.70199584960938,35.08399963378906
2018-01-18,46.255001068115234,31.32030487060547,26.139999389648438,108.09154510498047,192.5664520263672,34.97200012207031
2018-01-19,46.40999984741211,31.49610710144043,26.309999465942383,108.13626098632812,192.75282287597656,35.0620002746582
2018-01-22,46.54999923706055,31.599985122680664,26.399999618530273,108.1899642944336,193.4642791748047,35.00600051879883
2018-01-23,46.7599983215332,31.6319580078125,26.540000915527344,108.26154327392578,193.8793487548828,35.007999420166016
2018-01-24,46.34000015258789,31.45615577697754,26.389999389648438,108.1273422241211,193.2779541015625,35.099998474121094
2018-01-25,46.064998626708984,31.288347244262695,26.450000762939453,108.00208282470703,193.12548828125,34.99599838256836
2018-01-26,46.46500015258789,31.436168670654297,26.709999084472656,107.939453125,193.32876586914062,35.01599884033203
2018-01-29,46.6349983215332,31.388233184814453,26.59600067138672,107.5726318359375,192.15992736816406,34.84600067138672
2018-01-30,46.05500030517578,31.12853240966797,26.100000381469727,107.63528442382812,192.30389404296875,34.763999938964844
2018-01-31,45.875,31.064598083496094,26.19099998474121,107.6978988647461,192.7189178466797,34.66999816894531
2018-02-01,45.720001220703125,30.88081169128418,25.94499969482422,107.77841186523438,193.06622314453125,34.58399963378906
2018-02-02,45.255001068115234,30.453296661376953,25.45599937438965,107.52791595458984,191.6178436279297,34.354000091552734
2018-02-05,44.6349983215332,29.965848922729492,25.31399917602539,107.56370544433594,191.5924072265625,34.5620002746582
2018-02-06,43.095001220703125,29.25865936279297,24.797000885009766,107.77841186523438,192.85446166992188,34.604000091552734
2018-02-07,44.5099983215332,29.861976623535156,25.207000732421875,107.63528442382812,192.95608520507812,34.55799865722656
2018-02-08,43.6349983215332,29.322582244873047,24.402000427246094,107.54580688476562,192.30389404296875,34.54999923706055
2018-02-09,42.849998474121094,28.951013565063477,24.145000457763672,107.5010757446289,191.80416870117188,34.534000396728516
2018-02-12,43.5,29.270639419555664,24.579999923706055,107.52791595458984,191.87191772460938,34.69599914550781
2018-02-13,43.19499969482422,29.086841583251953,24.586999893188477,107.39371490478516,190.694580078125,34.53799819946289
2018-02-14,43.5099983215332,29.394506454467773,24.8700008392334,107.40267944335938,190.38967895507812,34.90800094604492
2018-02-15,43.76499938964844,29.59427261352539,25.30500030517578,107.35794067382812,190.68612670898438,34.816001892089844
2018-02-16,44.48500061035156,29.92589569091797,25.576000213623047,107.67105102539062,192.1768798828125,34.99399948120117
2018-02-19,44.3650016784668,29.702152252197266,25.368000030517578,107.40267944335938,190.76235961914062,34.95600128173828
2018-02-20,44.630001068115234,29.90192222595215,25.344999313354492,107.39371490478516,190.45742797851562,34.683998107910156
2018-02-21,44.7400016784668,29.90991973876953,25.704999923706055,107.40267944335938,190.73696899414062,34.70800018310547
2018-02-22,44.58000183105469,29.85797119140625,25.541000366210938,107.51001739501953,191.0757293701172,34.667999267578125
2018-02-23,44.68000030517578,29.93388557434082,25.729999542236328,107.67999267578125,192.1768798828125,34.71799850463867
2018-02-26,45.154998779296875,30.07372283935547,25.884000778198242,107.74263763427734,192.6342315673828,34.7859992980957
2018-02-27,45.375,30.041765213012695,25.64699935913086,107.67105102539062,192.43943786621094,34.604000091552734
2018-02-28,45.01499938964844,29.83001136779785,25.398000717163086,107.787353515625,193.41351318359375,34.715999603271484
2018-03-01,44.51499938964844,29.46642303466797,25.475000381469727,107.89471435546875,194.091064453125,34.54999923706055
2018-03-02,43.41999816894531,28.82715606689453,24.733999252319336,107.85894775390625,193.625244140625,34.47800064086914
2018-03-05,43.959999084472656,29.134794235229492,25.011999130249023,107.8768310546875,193.65907287597656,34.439998626708984
2018-03-06,43.95500183105469,29.19873046875,25.104999542236328,107.76948547363281,192.74432373046875,34.624000549316406
2018-03-07,44.0099983215332,29.326583862304688,25.040000915527344,107.89471435546875,193.96401977539062,34.34600067138672
2018-03-08,44.46500015258789,29.630231857299805,25.26099967956543,108.15418243408203,195.25991821289062,34.448001861572266
2018-03-09,44.939998626708984,29.774065017700195,25.677000045776367,108.00208282470703,194.24354553222656,34.52399826049805
2018-03-12,45.19499969482422,29.802032470703125,25.829999923706055,108.10943603515625,194.71783447265625,34.417999267578125
2018-03-13,44.755001068115234,29.51836395263672,25.586000442504883,108.17205810546875,195.01431274414062,34.39799880981445
2018-03-14,44.57500076293945,29.506376266479492,25.548999786376953,108.21680450439453,195.20912170410156,34.4119987487793
2018-03-15,44.80500030517578,29.654205322265625,25.670000076293945,108.21680450439453,195.9206085205078,34.380001068115234
2018-03-16,44.88999938964844,29.758085250854492,25.68400001525879,108.342041015625,196.26785278320312,34.36399841308594
2018-03-19,44.154998779296875,29.4344482421875,25.240999221801758,108.3152084350586,196.70831298828125,34.39400100708008
2018-03-20,44.47999954223633,29.55432891845703,25.704999923706055,108.3331069946289,197.1656951904297,34.38600158691406
2018-03-21,44.60499954223633,29.51836395263672,25.69300079345703,108.3152084350586,196.80999755859375,34.71200180053711
2018-03-22,43.790000915527344,29.09883689880371,25.099000930786133,108.619384765625,198.50396728515625,34.64799880981445
2018-03-23,43.029998779296875,28.815166473388672,24.656999588012695,108.59253692626953,198.63101196289062,35.11800003051758
2018-03-26,42.505001068115234,28.623384475708008,24.610000610351562,108.57466888427734,198.68185424804688,35.01599884033203
2018-03-27,43.31999969482422,28.98297882080078,24.97800064086914,108.8072738647461,199.3509521484375,34.79999923706055
2018-03-28,42.89500045776367,29.12281608581543,24.565000534057617,108.83409881591797,199.4864959716797,34.61199951171875
2018-03-29,43.41999816894531,29.278635025024414,24.993999481201172,108.90567779541016,200.09634399414062,34.5880012512207
2018-04-03,43.04499816894531,29.106830596923828,25.011999130249023,108.88777923583984,199.93540954589844,34.91999816894531
2018-04-04,43.0,28.970983505249023,24.707000732421875,108.94146728515625,200.3673858642578,34.922000885009766
2018-04-05,44.22999954223633,29.702152252197266,25.242000579833984,108.82516479492188,199.1815948486328,34.827999114990234
2018-04-06,43.619998931884766,29.602262496948242,24.79400062561035,108.90567779541016,199.5966033935547,34.90800094604492
2018-04-09,43.64500045776367,29.66219711303711,24.78700065612793,108.93251037597656,199.68130493164062,34.79199981689453
2018-04-10,43.88999938964844,29.893932342529297,24.92799949645996,108.78936004638672,199.42723083496094,34.854000091552734
2018-04-11,43.630001068115234,29.730121612548828,24.885000228881836,108.89672088623047,199.74061584472656,35.40800094604492
2018-04-12,44.02000045776367,29.893932342529297,25.04599952697754,108.8072738647461,199.11380004882812,34.917999267578125
2018-04-13,43.95500183105469,29.9698486328125,24.85300064086914,108.82516479492188,199.2493896484375,35.119998931884766
2018-04-16,43.90999984741211,29.86597442626953,24.639999389648438,108.73567962646484,198.9867401123047,35.03799819946289
2018-04-17,44.44499969482422,30.12567710876465,24.825000762939453,108.89672088623047,199.89303588867188,35.00400161743164
2018-04-18,44.494998931884766,30.193584442138672,24.94499969482422,108.93251037597656,200.0370635986328,35.08599853515625
2018-04-19,44.35499954223633,30.213577270507812,24.92300033569336,108.57466888427734,197.90260314941406,35.0
2018-04-20,44.334999084472656,30.21756935119629,24.753000259399414,108.619384765625,198.31764221191406,35.04999923706055
2018-04-23,44.619998931884766,30.345415115356445,24.849000930786133,108.39572143554688,197.21653747558594,34.84199905395508
2018-04-24,44.529998779296875,30.33342933654785,24.805999755859375,108.4046630859375,197.61460876464844,34.95600128173828
2018-04-25,44.095001220703125,30.11766815185547,24.41900062561035,108.35994720458984,197.4282989501953,34.858001708984375
2018-04-26,44.685001373291016,30.4013614654541,24.777999877929688,108.60150146484375,198.1652069091797,34.948001861572266
2018-04-27,44.880001068115234,30.485261917114258,25.035999298095703,108.72675323486328,198.58023071289062,35.097999572753906
2018-04-30,45.07500076293945,30.561168670654297,25.16900062561035,108.63726806640625,198.13973999023438,35.02399826049805
2018-05-02,45.150001525878906,30.744956970214844,25.070999145507812,108.56571197509766,198.01271057128906,35.09199905395508
2018-05-03,44.58000183105469,30.533203125,24.575000762939453,108.84305572509766,199.13072204589844,35.332000732421875
2018-05-04,45.334999084472656,30.75694465637207,24.957000732421875,108.69094848632812,197.9703369140625,35.3120002746582
2018-05-07,45.71500015258789,31.004669189453125,24.96500015258789,108.84305572509766,198.61407470703125,35.4640007019043
2018-05-08,45.7599983215332,30.99667739868164,25.006000518798828,108.54782104492188,196.801513671875,35.4739990234375
2018-05-09,45.97999954223633,31.200443267822266,25.075000762939453,108.5209732055664,197.20802307128906,35.61800003051758
2018-05-10,46.29999923706055,31.22840690612793,25.582000732421875,108.48519134521484,196.8184356689453,35.624000549316406
2018-05-11,46.380001068115234,31.252382278442383,25.46500015258789,108.60150146484375,197.4028778076172,35.59199905395508
2018-05-14,46.435001373291016,31.236392974853516,25.5049991607666,108.35994720458984,196.36952209472656,35.4379997253418
2018-05-15,46.404998779296875,31.256380081176758,25.19499969482422,108.1273422241211,195.32772827148438,35.066001892089844
2018-05-16,46.75,31.3482723236084,25.61400032043457,107.8231430053711,194.12498474121094,35.14799880981445
2018-05-17,46.959999084472656,31.552040100097656,25.399999618530273,107.8410415649414,193.60719299316406,35.13600158691406
2018-05-18,46.83000183105469,31.476133346557617,25.17099952697754,107.91261291503906,193.5644989013672,35.301998138427734
2018-05-21,47.095001220703125,31.476133346557617,25.26099967956543,107.7515640258789,192.32720947265625,35.301998138427734
2018-05-22,47.150001525878906,31.69986343383789,25.42799949645996,107.68896484375,192.2418670654297,35.25600051879883
2018-05-23,46.939998626708984,31.376251220703125,25.326000213623047,107.81420135498047,192.90744018554688,35.5260009765625
2018-05-24,46.79999923706055,31.164478302001953,25.1560001373291,108.04679107666016,194.1874542236328,35.79999923706055
2018-05-25,47.084999084472656,31.24039649963379,25.56800079345703,108.11839294433594,194.76763916015625,35.948001861572266
2018-05-28,47.130001068115234,31.12054443359375,25.58799934387207,107.93050384521484,194.46900939941406,35.9119987487793
2018-05-29,46.92499923706055,30.709007263183594,25.40399932861328,107.42950439453125,193.4962158203125,36.2599983215332
2018-05-30,46.900001525878906,30.836864471435547,25.132999420166016,107.19690704345703,192.70263671875,35.90800094604492
2018-05-31,46.709999084472656,30.645076751708984,25.139999389648438,107.76948547363281,195.5868682861328,35.948001861572266
2018-06-01,47.029998779296875,31.016651153564453,25.44099998474121,107.91261291503906,195.46737670898438,35.75400161743164
2018-06-04,47.185001373291016,31.076581954956055,25.672000885009766,108.0557632446289,195.45030212402344,35.59000015258789
2018-06-05,47.185001373291016,30.988676071166992,25.559999465942383,107.9752426147461,194.32394409179688,35.71799850463867
2018-06-06,47.130001068115234,31.02065086364746,25.577999114990234,107.384765625,192.3869171142578,35.534000396728516
2018-06-07,47.08000183105469,30.93275260925293,25.347999572753906,107.10742950439453,191.5165557861328,35.310001373291016
2018-06-08,47.14500045776367,30.87281608581543,25.232999801635742,107.1611328125,191.65309143066406,35.512001037597656
2018-06-11,47.28499984741211,31.108552932739258,25.2189998626709,107.27740478515625,191.9005584716797,35.465999603271484
2018-06-12,47.314998626708984,31.10055160522461,25.253000259399414,107.32213592529297,191.67015075683594,35.42599868774414
2018-06-13,47.435001373291016,31.116539001464844,25.263999938964844,107.43846130371094,192.0712127685547,35.45600128173828
2018-06-14,47.8849983215332,31.504087448120117,25.365999221801758,107.81420135498047,193.3170623779297,36.06800079345703
2018-06-15,47.599998474121094,31.141666412353516,24.905000686645508,108.10943603515625,194.12770080566406,35.40800094604492
2018-06-18,47.619998931884766,30.919431686401367,24.672000885009766,108.1899642944336,194.37515258789062,35.402000427246094
2018-06-19,47.400001525878906,30.709314346313477,24.47100067138672,108.30625915527344,195.01510620117188,35.391998291015625
2018-06-20,47.54499816894531,30.826492309570312,24.69099998474121,108.3331069946289,194.7164764404297,35.36000061035156
2018-06-21,47.279998779296875,30.531517028808594,24.280000686645508,108.19890594482422,194.0935516357422,35.11000061035156
2018-06-22,47.38999938964844,30.88711166381836,24.42099952697754,108.15418243408203,194.0679473876953,35.0880012512207
2018-06-25,46.34000015258789,30.21634864807129,23.849000930786133,107.91261291503906,193.5388946533203,34.83399963378906
2018-06-26,46.529998779296875,30.236560821533203,23.91699981689453,107.8768310546875,192.70263671875,34.75600051879883
2018-06-27,46.974998474121094,30.458789825439453,23.84600067138672,108.0378646850586,194.4519500732422,34.7859992980957
2018-06-28,46.68000030517578,30.236560821533203,23.694000244140625,108.08260345458984,195.0663604736328,34.720001220703125
2018-06-29,46.80500030517578,30.479001998901367,24.017000198364258,108.28836822509766,196.78150939941406,34.492000579833984
2018-07-02,46.5099983215332,30.2042236328125,23.761999130249023,108.46729278564453,197.50682067871094,34.487998962402344
2018-07-03,46.7400016784668,30.450706481933594,23.93000030517578,108.494140625,198.29180908203125,34.62200164794922
2018-07-04,46.65999984741211,30.487077713012695,23.759000778198242,108.5030746459961,197.94198608398438,34.70100021362305
2018-07-05,46.61000061035156,30.632537841796875,23.649999618530273,108.38677978515625,197.83958435058594,34.597999572753906
2018-07-06,46.845001220703125,30.668914794921875,23.850000381469727,108.44938659667969,197.2422332763672,34.319000244140625
2018-07-09,47.209999084472656,30.846698760986328,24.15999984741211,108.45835876464844,197.2252197265625,34.507999420166016
2018-07-10,47.45500183105469,30.976003646850586,24.143999099731445,108.35994720458984,196.7559051513672,34.39099884033203
2018-07-11,47.099998474121094,30.567893981933594,23.841999053955078,108.38677978515625,197.0886993408203,34.19200134277344
2018-07-12,47.46500015258789,30.822458267211914,24.191999435424805,108.51654052734375,197.19960021972656,34.327999114990234
2018-07-13,47.68000030517578,30.903274536132812,24.2549991607666,108.66043090820312,197.8480987548828,34.2239990234375
2018-07-16,47.48500061035156,30.79012680053711,23.989999771118164,108.53453826904297,197.37026977539062,34.01599884033203
2018-07-17,47.6349983215332,30.86690902709961,24.209999084472656,108.75037384033203,198.22360229492188,33.79800033569336
2018-07-18,47.95000076293945,31.036617279052734,24.222000122070312,108.71440124511719,197.95050048828125,33.84400177001953
2018-07-19,48.0,30.971954345703125,24.042999267578125,108.75935363769531,198.1468048095703,33.71799850463867
2018-07-20,47.70000076293945,30.91539764404297,24.216999053955078,108.48058319091797,196.81561279296875,33.72600173950195
2018-07-23,47.619998931884766,30.862863540649414,24.030000686645508,108.2917251586914,195.7660369873047,33.63800048828125
2018-07-24,47.994998931884766,31.125513076782227,24.47800064086914,108.34567260742188,196.08175659179688,33.70399856567383
2018-07-25,48.0099983215332,31.052776336669922,24.621000289916992,108.42662048339844,196.423095703125,33.85200119018555
2018-07-26,48.400001525878906,31.311386108398438,24.70800018310547,108.40864562988281,195.97935485839844,33.847999572753906
2018-07-27,48.404998779296875,31.428564071655273,24.820999145507812,108.32770538330078,195.71482849121094,33.80400085449219
2018-07-30,47.89500045776367,31.339672088623047,24.60700035095215,108.13883972167969,194.50314331054688,33.61199951171875
2018-07-31,47.95000076293945,31.468961715698242,24.610000610351562,108.20181274414062,195.07485961914062,33.604000091552734
2018-08-01,48.02000045776367,31.275007247924805,24.614999771118164,107.95899963378906,193.47918701171875,33.58000183105469
2018-08-02,48.05500030517578,31.036617279052734,24.288999557495117,107.88704681396484,193.50479125976562,33.597999572753906
2018-08-03,48.38999938964844,31.250768661499023,24.61400032043457,108.07588958740234,194.23861694335938,33.77000045776367
2018-08-06,48.60499954223633,31.20631217956543,24.54800033569336,108.19281768798828,195.168701171875,33.66600036621094
2018-08-07,48.7599983215332,31.335620880126953,24.775999069213867,108.1478500366211,194.5884552001953,33.630001068115234
2018-08-08,48.71500015258789,31.266935348510742,24.62299919128418,108.1568374633789,194.50314331054688,33.529998779296875
2018-08-09,48.82500076293945,31.351781845092773,24.735000610351562,108.24677276611328,195.00657653808594,33.74599838256836
2018-08-10,48.95000076293945,31.032577514648438,24.503999710083008,108.3366928100586,195.81724548339844,34.1879997253418
2018-08-13,48.79499816894531,30.93964195251465,24.131000518798828,108.16583251953125,194.60556030273438,33.689998626708984
2018-08-14,49.04499816894531,30.931560516357422,24.233999252319336,108.16583251953125,194.68234252929688,33.88800048828125
2018-08-15,48.625,30.450706481933594,23.66699981689453,108.17481994628906,194.6908721923828,33.45000076293945
2018-08-16,48.845001220703125,30.66083335876465,23.878999710083008,108.17481994628906,194.46900939941406,33.28799819946289
2018-08-17,48.80500030517578,30.648700714111328,23.66699981689453,108.2107925415039,195.0663604736328,33.24399948120117
2018-08-20,48.915000915527344,30.8386287689209,23.893999099731445,108.32770538330078,195.8257598876953,33.369998931884766
2018-08-21,48.779998779296875,30.919431686401367,24.06399917602539,108.3366928100586,195.868408203125,33.17599868774414
2018-08-22,48.60499954223633,30.89922523498535,24.027999877929688,108.1478500366211,194.7761993408203,33.150001525878906
2018-08-23,48.4900016784668,30.858821868896484,23.864999771118164,108.1568374633789,194.827392578125,33.034000396728516
2018-08-24,48.564998626708984,30.870939254760742,24.05299949645996,108.10287475585938,194.49459838867188,33.375999450683594
2018-08-27,48.755001068115234,31.05682373046875,24.375,108.00395965576172,193.69252014160156,33.29999923706055
2018-08-28,48.650001525878906,31.008331298828125,24.177000045776367,107.8780517578125,193.25733947753906,33.18199920654297
2018-08-29,48.900001525878906,31.097211837768555,24.2810001373291,107.77914428710938,192.89891052246094,33.09400177001953
2018-08-30,48.89500045776367,31.028532028198242,23.8799991607666,107.905029296875,193.60719299316406,33.104000091552734
2018-08-31,48.900001525878906,30.765886306762695,23.913000106811523,107.89603424072266,193.6327667236328,33.2599983215332
2018-09-03,48.92499923706055,30.80629539489746,23.906999588012695,107.92303466796875,193.61570739746094,33.22200012207031
2018-09-04,48.834999084472656,30.56385040283203,23.722999572753906,107.96796417236328,194.25567626953125,33.13600158691406
2018-09-05,48.290000915527344,30.22846794128418,23.22800064086914,107.94100189208984,194.32394409179688,33.124000549316406
2018-09-06,48.15999984741211,30.099170684814453,23.208999633789062,108.08489990234375,194.95538330078125,33.16999816894531
2018-09-07,48.3650016784668,30.095138549804688,23.351999282836914,107.97696685791016,194.50314331054688,33.25199890136719
2018-09-10,48.334999084472656,30.2042236328125,23.025999069213867,108.04893493652344,194.9212646484375,33.16600036621094
2018-09-11,48.38999938964844,30.17997932434082,22.93199920654297,107.94100189208984,194.486083984375,33.11600112915039
2018-09-12,48.415000915527344,30.317363739013672,23.101999282836914,107.97696685791016,194.6737823486328,33.2239990234375
2018-09-13,48.380001068115234,30.29716682434082,23.200000762939453,107.96796417236328,194.38368225097656,33.125999450683594
2018-09-14,48.630001068115234,30.39010238647461,23.422000885009766,107.83308410644531,193.590087890625,33.00199890136719
2018-09-17,48.45000076293945,30.436843872070312,23.11400032043457,107.93201446533203,194.38368225097656,33.104000091552734
2018-09-18,48.66999816894531,30.481752395629883,23.27400016784668,107.95899963378906,194.52020263671875,32.99599838256836
2018-09-19,48.80500030517578,30.567455291748047,23.55900001525879,107.79711151123047,193.6839599609375,33.13999938964844
2018-09-20,48.834999084472656,30.80419158935547,23.542999267578125,107.78812408447266,193.82901000976562,32.95199966430664
2018-09-21,49.05500030517578,30.934810638427734,23.78499984741211,107.94999694824219,194.4007568359375,32.779998779296875
2018-09-24,48.66999816894531,30.755210876464844,23.434999465942383,107.62627410888672,193.2829132080078,32.816001892089844
2018-09-25,48.83000183105469,30.92664337158203,23.517000198364258,107.61727905273438,193.2146453857422,32.84400177001953
2018-09-26,48.96500015258789,31.01643943786621,23.715999603271484,107.64424896240234,193.7436981201172,32.68600082397461
2018-09-27,49.22999954223633,31.10215187072754,23.91900062561035,107.61727905273438,193.8205108642578,32.597999572753906
2018-09-28,49.224998474121094,30.8695068359375,23.900999069213867,107.56330108642578,193.05252075195312,33.012001037597656
2018-10-01,49.63999938964844,30.947063446044922,23.96500015258789,107.39244842529297,192.26748657226562,33.0260009765625
2018-10-02,49.44499969482422,30.718477249145508,23.743999481201172,107.54530334472656,192.42962646484375,33.56800079345703
2018-10-03,49.709999084472656,30.718477249145508,23.781999588012695,107.40143585205078,192.0626983642578,33.56800079345703
2018-10-04,49.189998626708984,30.547054290771484,23.093000411987305,107.16761779785156,190.9619140625,33.56800079345703
2018-10-05,48.915000915527344,30.302160263061523,22.84600067138672,106.93379974365234,190.09153747558594,33.56800079345703
2018-10-08,48.7400016784668,29.93073081970215,22.881999969482422,106.80790710449219,189.36624145507812,33.17399978637695
2018-10-09,48.89500045776367,30.032756805419922,22.93199920654297,106.91584014892578,189.32354736328125,33.30400085449219
2018-10-10,47.90999984741211,29.53072166442871,22.389999389648438,106.78092193603516,189.0760955810547,33.145999908447266
2018-10-11,46.619998931884766,28.918476104736328,21.9689998626709,106.90681457519531,189.0078125,33.86399841308594
2018-10-12,46.599998474121094,28.8980655670166,22.426000595092773,106.86185455322266,189.32354736328125,33.88999938964844
2018-10-15,46.65999984741211,28.955217361450195,22.326000213623047,106.79890441894531,189.23822021484375,34.05799865722656
2018-10-16,47.130001068115234,29.359296798706055,22.68899917602539,107.05970001220703,189.98062133789062,34.0880012512207
2018-10-17,47.275001525878906,29.289901733398438,22.599000930786133,107.08667755126953,189.97210693359375,34.198001861572266
2018-10-18,47.095001220703125,29.073583602905273,22.191999435424805,107.03273010253906,189.45155334472656,34.31999969482422
2018-10-19,47.165000915527344,29.093984603881836,22.39299964904785,107.0147476196289,189.6734161376953,34.349998474121094
2018-10-22,46.915000915527344,29.02052116394043,22.589000701904297,107.07769012451172,190.2110137939453,34.2400016784668
2018-10-23,46.025001525878906,28.514389038085938,22.083999633789062,107.16761779785156,190.44139099121094,34.555999755859375
2018-10-24,46.189998626708984,28.457242965698242,22.062999725341797,107.2755355834961,190.49258422851562,34.69200134277344
2018-10-25,46.2400016784668,28.61643409729004,22.242000579833984,107.2215805053711,191.15818786621094,34.77399826049805
2018-10-26,45.63999938964844,28.383769989013672,21.891000747680664,107.49136352539062,192.28453063964844,35.02199935913086
2018-10-29,45.834999084472656,28.644996643066406,21.878999710083008,107.51834106445312,192.20774841308594,34.694000244140625
2018-10-30,45.724998474121094,28.644996643066406,21.81599998474121,107.41942596435547,191.50802612304688,34.604000091552734
2018-10-31,46.82500076293945,29.134794235229492,22.290000915527344,107.36546325683594,191.9005584716797,34.512001037597656
2018-11-01,46.79499816894531,29.24909019470215,22.79199981689453,107.51834106445312,192.04562377929688,34.79600143432617
2018-11-02,46.70000076293945,29.31031608581543,23.013999938964844,107.581298828125,191.80667114257812,34.810001373291016
2018-11-05,46.775001525878906,29.298067092895508,23.058000564575195,107.41043090820312,191.55068969726562,34.71200180053711
2018-11-06,46.91999816894531,29.212356567382812,23.003000259399414,107.39244842529297,191.132568359375,34.555999755859375
2018-11-07,47.45500183105469,29.5429630279541,23.204999923706055,107.35647583007812,191.294677734375,34.41999816894531
2018-11-08,47.814998626708984,29.583786010742188,23.10300064086914,107.23057556152344,190.68885803222656,34.481998443603516
2018-11-09,47.65999984741211,29.46949577331543,22.648000717163086,107.38345336914062,191.28614807128906,34.30400085449219
2018-11-12,47.29499816894531,29.204193115234375,22.506999969482422,107.39244842529297,191.1752166748047,34.43199920654297
2018-11-13,47.415000915527344,29.39602279663086,22.863000869750977,107.29351806640625,190.8339385986328,34.29999923706055
2018-11-14,46.845001220703125,29.212356567382812,22.704999923706055,107.2215805053711,190.45846557617188,34.18000030517578
2018-11-15,46.654998779296875,28.893985748291016,23.079999923706055,107.32048797607422,190.9761505126953,34.46200180053711
2018-11-16,46.60499954223633,28.840927124023438,22.941999435424805,107.14064025878906,190.7267303466797,34.428001403808594
2018-11-19,46.13999938964844,28.644996643066406,22.78499984741211,107.05072021484375,189.89242553710938,34.354000091552734
2018-11-20,45.45000076293945,28.322546005249023,22.476999282836914,107.07769012451172,190.28807067871094,34.53799819946289
2018-11-21,45.88999938964844,28.624588012695312,22.895000457763672,107.14064025878906,190.6837158203125,34.619998931884766
2018-11-22,45.369998931884766,28.45316505432129,22.60700035095215,107.2755355834961,190.83853149414062,34.61800003051758
2018-11-23,45.779998779296875,28.55929183959961,22.70199966430664,107.43739318847656,191.62120056152344,34.70399856567383
2018-11-26,46.1349983215332,28.877653121948242,22.913999557495117,107.49136352539062,192.3609161376953,34.66600036621094
2018-11-27,46.349998474121094,28.849088668823242,23.069000244140625,107.53633880615234,192.3780975341797,34.551998138427734
2018-11-28,46.625,28.824602127075195,23.22599983215332,107.52732849121094,192.4125213623047,34.60599899291992
2018-11-29,46.79499816894531,28.893985748291016,23.371000289916992,107.77013397216797,193.38442993164062,34.63399887084961
2018-11-30,47.025001525878906,28.86540985107422,23.288999557495117,107.76116180419922,193.7456512451172,34.66400146484375
2018-12-03,47.66999816894531,29.13072395324707,23.785999298095703,107.84207153320312,194.1241455078125,34.95399856567383
2018-12-04,47.349998474121094,28.93479347229004,23.726999282836914,107.9949722290039,194.898193359375,35.0880012512207
2018-12-05,46.46500015258789,28.587862014770508,23.4060001373291,108.06689453125,195.27662658691406,35.060001373291016
2018-12-06,45.11000061035156,27.74703598022461,22.606000900268555,108.05791473388672,195.6808624267578,35.11199951171875
2018-12-07,45.5,27.85724639892578,22.836000442504883,107.94100189208984,195.69810485839844,35.1619987487793
2018-12-10,44.525001525878906,27.387859344482422,22.18400001525879,108.02193450927734,196.4119415283203,35.263999938964844
2018-12-11,45.505001068115234,27.79193687438965,22.63599967956543,108.1478500366211,196.45498657226562,35.31800079345703
2018-12-12,45.90999984741211,28.240924835205078,23.066999435424805,108.04893493652344,196.47216796875,35.27000045776367
2018-12-13,45.665000915527344,28.208267211914062,23.0310001373291,108.09388732910156,196.31735229492188,35.20600128173828
2018-12-14,45.36000061035156,28.040925979614258,22.948999404907227,108.2107925415039,196.60983276367188,35.301998138427734
2018-12-17,44.78499984741211,27.689125061035156,22.732999801635742,108.23776245117188,196.57537841796875,35.215999603271484
2018-12-18,44.185001373291016,27.504602432250977,22.597999572753906,108.35468292236328,197.1688690185547,35.29600143432617
2018-12-19,44.1349983215332,27.590713500976562,22.62700080871582,108.39065551757812,197.71072387695312,35.32600021362305
2018-12-20,42.959999084472656,27.17658233642578,22.31800079345703,108.4535903930664,198.45037841796875,35.428001403808594
2018-12-21,42.845001220703125,27.2421932220459,22.35099983215332,108.35468292236328,197.48709106445312,35.46200180053711
2018-12-24,41.80500030517578,27.2421932220459,22.100000381469727,108.3636703491211,197.74514770507812,35.46200180053711
2018-12-27,42.2599983215332,26.705047607421875,22.17799949645996,108.62446594238281,197.96014404296875,35.922000885009766
2018-12-28,42.97999954223633,27.19298553466797,22.464000701904297,108.32770538330078,197.84832763671875,35.874000549316406
2018-12-31,43.29999923706055,27.19298553466797,22.659000396728516,108.54351806640625,197.81393432617188,35.874000549316406
2019-01-02,43.435001373291016,27.279090881347656,22.58799934387207,108.72337341308594,199.21588134765625,36.395999908447266
2019-01-03,42.78499984741211,27.045377731323242,22.136999130249023,108.6424560546875,198.26979064941406,36.39400100708008
2019-01-04,43.779998779296875,27.74242401123047,22.780000686645508,108.41763305664062,196.84205627441406,36.18199920654297
2019-01-07,43.994998931884766,27.767019271850586,22.67799949645996,108.16583251953125,196.24855041503906,36.11000061035156
2019-01-08,44.19499969482422,27.972042083740234,22.73200035095215,107.95899963378906,195.59490966796875,36.099998474121094
2019-01-09,44.45000076293945,28.107349395751953,23.083999633789062,108.16583251953125,196.23135375976562,35.98400115966797
2019-01-10,44.53499984741211,28.2303524017334,23.167999267578125,108.2827377319336,196.85923767089844,36.0
2019-01-11,44.68000030517578,28.263154983520508,23.253999710083008,108.38163757324219,197.40969848632812,36.141998291015625
2019-01-14,44.584999084472656,28.095050811767578,23.09000015258789,108.4985580444336,197.67630004882812,36.15399932861328
2019-01-15,45.084999084472656,28.218055725097656,23.386999130249023,108.66043090820312,197.8311309814453,36.35200119018555
2019-01-16,45.3849983215332,28.373863220214844,23.66900062561035,108.68742370605469,198.14077758789062,36.486000061035156
2019-01-17,45.439998626708984,28.394357681274414,23.611000061035156,108.67032623291016,198.0203399658203,36.486000061035156
2019-01-18,46.314998626708984,28.882301330566406,23.959999084472656,108.74263000488281,197.96876525878906,36.31999969482422
2019-01-21,46.165000915527344,28.853607177734375,23.804000854492188,108.67032623291016,197.87411499023438,36.22200012207031
2019-01-22,45.91999816894531,28.738780975341797,23.638999938964844,108.73360443115234,198.27838134765625,36.27399826049805
2019-01-23,45.6150016784668,28.701881408691406,23.607999801635742,108.83300018310547,198.7084197998047,36.28200149536133
2019-01-24,45.89500045776367,28.75108528137207,23.99799919128418,109.18544006347656,200.65223693847656,36.369998931884766
2019-01-25,46.18000030517578,28.91099739074707,24.198999404907227,109.27580261230469,200.97911071777344,36.64400100708008
2019-01-28,45.58000183105469,28.615768432617188,23.833999633789062,109.14930725097656,200.64364624023438,36.624000549316406
2019-01-29,45.75,28.837194442749023,23.913999557495117,109.15834045410156,200.7039031982422,36.847999572753906
2019-01-30,46.084999084472656,28.972503662109375,24.077999114990234,109.23062896728516,201.20269775390625,36.92599868774414
2019-01-31,46.5,29.00531005859375,24.54599952697754,109.44752502441406,202.18324279785156,37.09000015258789
2019-02-01,46.525001525878906,29.058609008789062,24.347000122070312,109.33906555175781,200.9705047607422,36.928001403808594
2019-02-04,46.720001220703125,29.11191177368164,24.547000885009766,109.33906555175781,200.66944885253906,36.97999954223633
2019-02-05,47.2400016784668,29.51374053955078,24.777999877929688,109.41136169433594,200.2394256591797,37.04800033569336
2019-02-06,47.290000915527344,29.517839431762695,24.704999923706055,109.25774383544922,199.72337341308594,37.082000732421875
2019-02-07,46.65999984741211,29.08321189880371,24.253000259399414,109.23062896728516,199.86097717285156,37.119998931884766
2019-02-08,46.619998931884766,28.952009201049805,24.152999877929688,109.35716247558594,200.2050323486328,37.310001373291016
2019-02-11,47.119998931884766,29.169313430786133,24.402000427246094,109.33906555175781,199.85238647460938,37.327999114990234
2019-02-12,47.52000045776367,29.31282615661621,24.49799919128418,109.32099151611328,199.92115783691406,37.236000061035156
2019-02-13,47.76499938964844,29.480947494506836,24.406999588012695,109.3842544555664,200.68667602539062,37.42599868774414
2019-02-14,47.654998779296875,29.407135009765625,24.266000747680664,109.53789520263672,201.0823211669922,37.38399887084961
2019-02-15,48.220001220703125,29.82946014404297,24.44300079345703,109.48365783691406,200.8844757080078,37.54800033569336
2019-02-18,48.22999954223633,29.907365798950195,24.410999298095703,109.56499481201172,200.66944885253906,37.71799850463867
2019-02-19,48.17499923706055,29.849958419799805,24.433000564575195,109.54692840576172,200.95326232910156,37.965999603271484
2019-02-20,48.255001068115234,30.0180721282959,24.70599937438965,109.58306884765625,200.75546264648438,38.051998138427734
2019-02-21,48.19499969482422,29.977067947387695,24.507999420166016,109.51981353759766,200.51461791992188,37.77000045776367
2019-02-22,48.45500183105469,30.071382522583008,24.868000030517578,109.59210205078125,201.1683349609375,37.73400115966797
2019-02-25,48.67499923706055,30.13287925720215,25.167999267578125,109.67345428466797,201.09091186523438,37.608001708984375
2019-02-26,48.564998626708984,30.22307586669922,24.97100067138672,109.7366943359375,201.1252899169922,37.54399871826172
2019-02-27,48.369998931884766,30.14927101135254,24.770000457763672,109.48365783691406,199.85238647460938,37.3380012512207
2019-02-28,48.34000015258789,30.173885345458984,24.488000869750977,109.41136169433594,199.41371154785156,37.145999908447266
2019-03-01,48.38999938964844,30.28459358215332,24.483999252319336,109.34811401367188,199.49111938476562,36.82400131225586
2019-03-04,48.58000183105469,30.395288467407227,24.597000122070312,109.55596160888672,199.80935668945312,36.54999923706055
2019-03-05,48.67499923706055,30.473203659057617,24.961000442504883,109.57402801513672,200.06739807128906,36.540000915527344
2019-03-06,48.46500015258789,30.41579818725586,24.909000396728516,109.75477600097656,201.2199249267578,36.54399871826172
2019-03-07,48.459999084472656,30.337894439697266,24.687000274658203,110.21566009521484,203.24972534179688,36.84000015258789
2019-03-08,47.98500061035156,30.063182830810547,24.31599998474121,110.20661926269531,203.2239532470703,37.17599868774414
2019-03-11,48.64500045776367,30.292787551879883,24.790000915527344,110.23374938964844,202.87991333007812,36.99599838256836
2019-03-12,48.63999938964844,30.23537826538086,24.82699966430664,110.20661926269531,202.86270141601562,36.965999603271484
2019-03-13,48.94499969482422,30.464996337890625,24.73900032043457,110.17048645019531,202.40682983398438,37.2140007019043
2019-03-14,48.970001220703125,30.698707580566406,24.655000686645508,110.21566009521484,202.75086975097656,36.85599899291992
2019-03-15,49.23500061035156,30.950157165527344,24.976999282836914,110.29700469970703,202.7766876220703,36.992000579833984
2019-03-18,49.18000030517578,31.00363540649414,25.12299919128418,110.42351531982422,203.6367950439453,37.01599884033203
2019-03-19,49.470001220703125,31.184633255004883,25.243999481201172,110.33314514160156,203.103515625,37.013999938964844
2019-03-20,48.959999084472656,30.896684646606445,24.965999603271484,110.32411193847656,203.18093872070312,36.85200119018555
2019-03-21,49.314998626708984,30.863773345947266,25.062999725341797,110.68560028076172,205.193603515625,36.95800018310547
2019-03-22,48.939998626708984,30.51412010192871,24.72599983215332,111.07418060302734,207.5502471923828,37.380001068115234
2019-03-25,48.66999816894531,30.38661003112793,24.687000274658203,110.91152954101562,207.51583862304688,37.59199905395508
2019-03-26,49.07500076293945,30.633424758911133,24.78700065612793,111.00188446044922,207.72225952148438,37.44599914550781
2019-03-27,49.03499984741211,30.68689727783203,24.676000595092773,111.30010986328125,209.0467987060547,37.45800018310547
2019-03-28,49.16999816894531,30.625179290771484,24.726999282836914,111.22782135009766,208.2383270263672,36.944000244140625
2019-03-29,49.53499984741211,30.855546951293945,25.107999801635742,111.13744354248047,207.9459228515625,37.125999450683594
2019-04-01,50.099998474121094,31.20107650756836,25.474000930786133,110.9024887084961,206.4579315185547,37.05799865722656
2019-04-02,50.29999923706055,31.33271026611328,25.47800064086914,111.01092529296875,206.8191680908203,37.11800003051758
2019-04-03,50.540000915527344,31.60420799255371,25.71299934387207,110.79405212402344,205.4171905517578,36.92399978637695
2019-04-04,50.375,31.542510986328125,25.687999725341797,110.92057037353516,206.34609985351562,36.92399978637695
2019-04-05,50.625,31.587759017944336,25.916000366210938,110.96574401855469,206.8363494873047,37.0359992980957
2019-04-08,50.46500015258789,31.530168533325195,25.7810001373291,110.92960357666016,207.180419921875,37.05799865722656
2019-04-09,50.2400016784668,31.369739532470703,25.761999130249023,111.0832290649414,207.58460998535156,37.2140007019043
2019-04-10,50.34000015258789,31.46434783935547,25.908000946044922,111.27298736572266,208.2383270263672,37.36000061035156
2019-04-11,50.38999938964844,31.51370620727539,25.608999252319336,111.31819915771484,208.1350860595703,36.959999084472656
2019-04-12,50.42499923706055,31.57541275024414,25.729999542236328,110.99285125732422,206.50950622558594,36.737998962402344
2019-04-15,50.494998931884766,31.62889289855957,25.565000534057617,110.82115936279297,205.64080810546875,36.652000427246094
2019-04-16,50.709999084472656,31.7358455657959,25.77199935913086,110.8572998046875,205.0387420654297,36.29199981689453
2019-04-17,50.560001373291016,31.7358455657959,25.826000213623047,110.78499603271484,204.789306640625,36.25600051879883
2019-04-18,50.7599983215332,31.87159538269043,25.93600082397461,111.02900695800781,206.18270874023438,36.444000244140625
2019-04-23,51.279998779296875,31.945640563964844,25.920000076293945,110.91152954101562,205.33978271484375,36.40599822998047
2019-04-24,51.34000015258789,31.92094612121582,25.715999603271484,111.20974731445312,206.8191680908203,36.65599822998047
2019-04-25,51.435001373291016,31.875709533691406,25.670000076293945,111.07418060302734,206.04507446289062,36.90599822998047
2019-04-26,51.459999084472656,31.937402725219727,25.795000076293945,111.30010986328125,207.3610076904297,37.099998474121094
2019-04-29,51.6150016784668,32.00733947753906,25.79199981689453,111.26395416259766,207.31802368164062,36.84000015258789
2019-04-30,51.345001220703125,32.0361213684082,25.60099983215332,111.37239837646484,207.27499389648438,36.854000091552734
2019-05-02,51.119998931884766,31.834575653076172,25.569000244140625,111.25492095947266,206.95677185058594,36.518001556396484
2019-05-03,51.4900016784668,31.97852897644043,25.8799991607666,111.22782135009766,207.20619201660156,36.79600143432617
2019-05-06,51.04999923706055,31.63300323486328,25.285999298095703,111.33625793457031,207.2406005859375,36.74399948120117
2019-05-07,50.595001220703125,31.287464141845703,24.95400047302246,111.4718017578125,207.6276397705078,36.90599822998047
2019-05-08,50.415000915527344,31.308029174804688,24.908000946044922,111.48084259033203,208.14370727539062,36.7760009765625
2019-05-09,49.55500030517578,30.88022804260254,24.052000045776367,111.35433197021484,207.4298553466797,36.790000915527344
2019-05-10,49.45000076293945,30.970720291137695,24.1560001373291,111.29107666015625,207.41261291503906,36.827999114990234
2019-05-13,49.10499954223633,30.55937385559082,23.639999389648438,111.39049530029297,207.95449829101562,37.13199996948242
2019-05-14,49.73500061035156,30.958377838134766,24.084999084472656,111.32723999023438,207.89430236816406,37.14400100708008
2019-05-15,49.939998626708984,31.06122589111328,24.082000732421875,111.52603912353516,208.82321166992188,37.183998107910156
2019-05-16,50.6349983215332,31.497262954711914,24.20800018310547,111.58025360107422,209.48208618164062,36.970001220703125
2019-05-17,50.5,31.386198043823242,23.729000091552734,111.64351654052734,209.72463989257812,36.75600051879883
2019-05-20,49.97999954223633,31.05298614501953,23.545000076293945,111.57122802734375,209.02294921875,36.77199935913086
2019-05-21,50.279998779296875,31.27924156188965,23.743000030517578,111.46277618408203,208.51185607910156,36.715999603271484
2019-05-22,50.220001220703125,31.233997344970703,23.76300048828125,111.5079574584961,208.9103240966797,36.78799819946289
2019-05-23,49.54499816894531,30.79796028137207,23.466999053955078,111.62544250488281,209.62933349609375,37.02000045776367
2019-05-24,49.60499954223633,31.01186180114746,23.364999771118164,111.742919921875,210.2097625732422,36.854000091552734
2019-05-27,49.73500061035156,31.102354049682617,23.488000869750977,111.79715728759766,210.57357788085938,36.933998107910156
2019-05-28,49.70000076293945,30.995405197143555,23.527000427246094,111.81523895263672,210.68621826171875,36.79999923706055
2019-05-29,49.1150016784668,30.592283248901367,23.562000274658203,112.0140380859375,212.0548858642578,37.02799987792969
2019-05-30,49.22999954223633,30.77327537536621,23.861000061035156,112.00499725341797,211.77772521972656,37.17399978637695
2019-05-31,48.89500045776367,30.497669219970703,23.924999237060547,112.16765594482422,213.21568298339844,37.52399826049805
2019-06-03,48.64500045776367,30.571714401245117,24.06800079345703,112.25804138183594,214.0299835205078,37.84000015258789
2019-06-04,48.95500183105469,30.765047073364258,23.92300033569336,112.53816986083984,214.92230224609375,37.801998138427734
2019-06-05,49.28499984741211,30.892568588256836,23.770999908447266,112.6104736328125,215.51133728027344,37.9640007019043
2019-06-06,49.435001373291016,30.87611961364746,23.679000854492188,112.70085144042969,216.89735412597656,38.066001892089844
2019-06-07,49.880001068115234,31.168170928955078,23.847000122070312,113.14366912841797,219.218994140625,38.09600067138672
2019-06-10,50.349998474121094,31.168170928955078,24.111000061035156,112.88159942626953,216.99266052246094,38.09600067138672
2019-06-11,50.29499816894531,31.46023178100586,24.297000885009766,113.04424285888672,217.8069610595703,37.683998107910156
2019-06-12,50.10499954223633,31.377958297729492,24.08300018310547,113.01714324951172,216.975341796875,37.933998107910156
2019-06-13,50.30500030517578,31.49314308166504,24.10700035095215,113.02616882324219,217.98887634277344,38.220001220703125
2019-06-14,50.400001525878906,31.3409423828125,24.08799934387207,113.27018737792969,219.27963256835938,38.67399978637695
2019-06-17,50.43000030517578,31.319726943969727,24.03700065612793,113.21595764160156,219.0543975830078,38.36399841308594
2019-06-18,51.18000030517578,31.869417190551758,24.670000076293945,114.16485595703125,222.935302734375,38.720001220703125
2019-06-19,51.095001220703125,31.836095809936523,24.64699935913086,113.83954620361328,222.0950469970703,38.5620002746582
2019-06-20,51.27000045776367,32.0068359375,25.035999298095703,114.13774871826172,223.59364318847656,39.4900016784668
2019-06-21,51.255001068115234,31.894399642944336,24.915000915527344,113.91180419921875,222.15565490722656,39.630001068115234
2019-06-24,50.89500045776367,31.786130905151367,24.757999420166016,114.0654525756836,223.00457763671875,39.939998626708984
2019-06-25,50.689998626708984,31.748645782470703,24.645999908447266,114.20099639892578,223.96617126464844,40.33000183105469
2019-06-26,50.51499938964844,31.665367126464844,24.753999710083008,114.0654525756836,223.79290771484375,39.90399932861328
2019-06-27,50.59000015258789,31.67369842529297,24.868000030517578,114.14678192138672,224.0614471435547,39.72999954223633
2019-06-28,50.79999923706055,31.886079788208008,24.85099983215332,114.2281265258789,224.0701446533203,39.88800048828125
2019-07-01,51.5,32.13593673706055,25.32900047302246,114.58055114746094,226.11453247070312,39.54999923706055
2019-07-02,51.59000015258789,32.25668716430664,25.277000427246094,114.70706939697266,226.885498046875,39.880001068115234
2019-07-03,52.099998474121094,32.564857482910156,25.240999221801758,115.27640533447266,230.7837371826172,40.439998626708984
2019-07-04,52.220001220703125,32.585689544677734,25.393999099731445,115.32159423828125,230.48049926757812,40.332000732421875
2019-07-05,52.130001068115234,32.33583068847656,25.281999588012695,114.98721313476562,228.15890502929688,40.11399841308594
2019-07-08,52.029998779296875,32.2983512878418,25.1299991607666,114.93299865722656,227.63914489746094,40.0620002746582
2019-07-09,51.959999084472656,32.140106201171875,25.051000595092773,114.82454681396484,227.44854736328125,40.11399841308594
2019-07-10,52.02000045776367,32.07345962524414,25.170000076293945,114.5534439086914,226.14915466308594,40.25400161743164
2019-07-11,52.10499954223633,32.0401496887207,25.125,114.31394958496094,224.3992919921875,40.327999114990234
2019-07-12,52.20000076293945,32.085960388183594,25.089000701904297,114.12335205078125,222.92662048339844,40.27399826049805
2019-07-15,52.275001525878906,32.169246673583984,25.219999313354492,114.45914459228516,225.33485412597656,40.33599853515625
2019-07-16,52.45000076293945,32.25668716430664,25.36400032043457,114.63158416748047,226.06251525878906,40.428001403808594
2019-07-17,52.154998779296875,32.14426040649414,25.20800018310547,114.85845947265625,227.17137145996094,40.762001037597656
2019-07-18,51.875,32.056819915771484,25.191999435424805,115.103515625,228.1069793701172,40.81399917602539
2019-07-19,52.244998931884766,32.102603912353516,25.329999923706055,115.08534240722656,227.80372619628906,40.900001525878906
2019-07-22,52.029998779296875,32.148433685302734,25.263999938964844,115.103515625,227.73448181152344,40.880001068115234
2019-07-23,52.55500030517578,32.46074676513672,25.341999053955078,115.3122329711914,228.26284790039062,40.948001861572266
2019-07-24,52.755001068115234,32.49406433105469,25.402999877929688,115.56634521484375,229.91744995117188,41.066001892089844
2019-07-25,52.665000915527344,32.273353576660156,25.2189998626709,115.43022918701172,229.04249572753906,40.88600158691406
2019-07-26,52.96500015258789,32.4066047668457,25.263999938964844,115.47560119628906,229.51031494140625,40.99800109863281
2019-07-29,52.85499954223633,32.41493606567383,25.14900016784668,115.58448791503906,229.88279724121094,40.99399948120117
2019-07-30,52.54499816894531,31.931886672973633,25.00200080871582,115.57540893554688,230.07334899902344,41.198001861572266
2019-07-31,52.650001525878906,31.936038970947266,24.990999221801758,115.88399505615234,232.29103088378906,41.25
2019-08-01,52.959999084472656,32.131771087646484,25.06599998474121,115.94752502441406,232.9927215576172,41.167999267578125
2019-08-02,51.31999969482422,31.257266998291016,24.042999267578125,116.25609588623047,235.25372314453125,41.83000183105469
2019-08-05,49.974998474121094,30.599306106567383,23.11400032043457,116.31961059570312,236.05067443847656,41.99399948120117
2019-08-06,49.654998779296875,30.39108657836914,23.18199920654297,116.59186553955078,237.41937255859375,42.290000915527344
2019-08-07,49.775001525878906,30.52018928527832,23.131999969482422,117.08193969726562,240.50331115722656,43.11600112915039
2019-08-08,50.845001220703125,31.082372665405273,23.617000579833984,116.66445922851562,237.72262573242188,42.93000030517578
2019-08-09,50.5,30.80335807800293,23.382999420166016,116.40128326416016,235.721435546875,43.11800003051758
2019-08-12,50.209999084472656,30.686748504638672,23.132999420166016,116.55555725097656,236.96890258789062,43.14400100708008
2019-08-13,50.73500061035156,30.886646270751953,23.47599983215332,116.9639663696289,238.90936279296875,43.215999603271484
2019-08-14,50.02000045776367,30.36609649658203,23.055999755859375,117.26346588134766,241.69012451171875,43.73400115966797
2019-08-15,49.915000915527344,30.303632736206055,23.132999420166016,117.9350357055664,245.77891540527344,43.95800018310547
2019-08-16,50.6349983215332,30.69508934020996,23.472000122070312,117.7262954711914,244.54019165039062,43.74399948120117
2019-08-19,51.23500061035156,31.03238868713379,23.652000427246094,117.36328125,241.5861358642578,43.487998962402344
2019-08-20,51.09000015258789,30.82834243774414,23.670000076293945,117.6174087524414,243.10214233398438,43.5880012512207
2019-08-21,51.31999969482422,31.207294464111328,23.792999267578125,117.6174087524414,242.87689208984375,43.55400085449219
2019-08-22,51.1150016784668,31.07403564453125,23.56999969482422,117.25436401367188,241.75071716308594,43.507999420166016
2019-08-23,50.3849983215332,30.774208068847656,23.225000381469727,117.36328125,242.07127380371094,44.060001373291016
2019-08-26,50.415000915527344,30.853328704833984,23.29400062561035,117.39957427978516,242.43508911132812,44.28799819946289
2019-08-27,50.685001373291016,31.057373046875,23.416000366210938,117.9350357055664,245.9521942138672,44.69599914550781
2019-08-28,50.7400016784668,30.961591720581055,23.43400001525879,118.25267028808594,248.68093872070312,44.60599899291992
2019-08-29,51.435001373291016,31.294742584228516,23.687999725341797,118.14376831054688,247.57208251953125,44.7140007019043
2019-08-30,51.7599983215332,31.54460334777832,23.982999801635742,118.07115936279297,246.97434997558594,44.7400016784668
2019-09-02,51.81999969482422,31.611251831054688,24.02400016784668,118.02579498291016,246.2120361328125,44.75400161743164
2019-09-03,51.68000030517578,31.548770904541016,23.97100067138672,118.25267028808594,248.7589111328125,45.38199996948242
2019-09-04,51.959999084472656,31.82777976989746,24.23200035095215,117.99857330322266,247.24293518066406,45.10599899291992
2019-09-05,52.56999969482422,32.069297790527344,24.500999450683594,117.27252960205078,241.85475158691406,44.2239990234375
2019-09-06,52.599998474121094,32.169246673583984,24.62700080871582,117.59925842285156,244.44482421875,44.268001556396484
2019-09-09,52.6349983215332,32.0817985534668,24.658000946044922,117.11823272705078,241.10971069335938,43.630001068115234
2019-09-10,52.404998779296875,32.07763671875,24.562000274658203,116.82783508300781,239.25584411621094,43.5620002746582
2019-09-11,53.125,32.37746047973633,24.91200065612793,116.88228607177734,240.6592254638672,43.71200180053711
2019-09-12,53.224998474121094,32.444091796875,24.999000549316406,117.0002670288086,241.80270385742188,43.86000061035156
2019-09-13,53.25,32.52320861816406,25.09600067138672,116.41942596435547,238.73609924316406,43.34600067138672
2019-09-16,53.244998931884766,32.38310623168945,25.13599967956543,116.63726043701172,239.87091064453125,43.902000427246094
2019-09-17,53.09000015258789,32.3452262878418,24.878000259399414,116.45574188232422,239.17794799804688,43.75
2019-09-18,53.005001068115234,32.3620719909668,24.820999145507812,116.80059051513672,241.8459930419922,43.900001525878906
2019-09-19,53.470001220703125,32.55146408081055,24.900999069213867,116.7552261352539,241.47354125976562,43.59000015258789
2019-09-20,53.560001373291016,32.62721633911133,25.014999389648438,116.86414337158203,242.01060485839844,43.92399978637695
2019-09-23,53.23500061035156,32.38732147216797,24.927000045776367,117.36328125,245.49307250976562,44.555999755859375
2019-09-24,53.19499969482422,32.370487213134766,24.75,117.52664947509766,246.41134643554688,44.62799835205078
2019-09-25,53.099998474121094,32.18109130859375,24.707000732421875,117.32699584960938,245.8395233154297,44.487998962402344
2019-09-26,53.189998626708984,32.43361282348633,24.756999969482422,117.49034881591797,246.19476318359375,44.40999984741211
2019-09-27,53.369998931884766,32.559879302978516,24.82900047302246,117.40864562988281,245.6663055419922,43.81999969482422
2019-09-30,53.459999084472656,32.6524772644043,24.766000747680664,117.39051818847656,245.03395080566406,43.30400085449219
2019-10-01,52.98500061035156,32.240013122558594,24.527999877929688,117.2815933227539,243.99436950683594,43.65800094604492
2019-10-02,51.58000183105469,31.305641174316406,24.167999267578125,117.1091537475586,243.05880737304688,44.10200119018555
2019-10-03,51.540000915527344,31.305641174316406,24.34000015258789,117.39051818847656,244.91261291503906,44.10200119018555
2019-10-04,52.279998779296875,31.604475021362305,24.481000900268555,117.46310424804688,244.64410400390625,44.06999969482422
2019-10-07,52.52000045776367,31.840167999267578,24.445999145507812,117.29973602294922,244.27163696289062,43.902000427246094
2019-10-08,51.81999969482422,31.448741912841797,24.288000106811523,117.39957427978516,244.6094512939453,44.16400146484375
2019-10-09,51.970001220703125,31.621307373046875,24.384000778198242,117.13640594482422,243.36203002929688,44.15399932861328
2019-10-10,52.375,31.861207962036133,24.601999282836914,116.67354583740234,240.4860076904297,43.68199920654297
2019-10-11,53.11000061035156,32.572513580322266,25.000999450683594,116.4375991821289,238.857421875,43.06399917602539
2019-10-14,52.834999084472656,32.404151916503906,24.8439998626709,116.62816619873047,240.20005798339844,43.5359992980957
2019-10-15,53.290000915527344,32.71981430053711,24.97100067138672,116.64631652832031,239.17794799804688,43.189998626708984
2019-10-16,53.084999084472656,32.71561050415039,24.968000411987305,116.31053161621094,238.2077178955078,43.25199890136719
2019-10-17,52.8849983215332,32.68194580078125,24.986000061035156,116.38314819335938,239.3251495361328,43.20399856567383
2019-10-18,52.70500183105469,32.572513580322266,24.871999740600586,116.21072387695312,237.95645141601562,43.055999755859375
2019-10-21,52.98500061035156,32.78717041015625,24.913000106811523,115.87491607666016,235.82540893554688,42.847999572753906
2019-10-22,53.10499954223633,32.825042724609375,25.10099983215332,116.11087036132812,237.4280548095703,42.8380012512207
2019-10-23,53.095001220703125,32.84187698364258,25.062000274658203,116.28330993652344,238.7621307373047,43.20399856567383
2019-10-24,53.41999816894531,33.06074142456055,25.246999740600586,116.36499786376953,239.2039031982422,43.470001220703125
2019-10-25,53.6349983215332,33.11124801635742,25.35300064086914,116.17437744140625,237.6965789794922,43.72999954223633
2019-10-28,53.79999923706055,33.20804977416992,25.527000427246094,115.78414916992188,235.6001739501953,43.237998962402344
2019-10-29,53.810001373291016,33.1533317565918,25.3799991607666,115.87491607666016,236.72633361816406,43.0
2019-10-30,53.665000915527344,33.16175842285156,25.290000915527344,115.95658874511719,236.8909149169922,43.20800018310547
2019-10-31,53.38999938964844,33.018653869628906,25.11400032043457,116.32867431640625,239.02195739746094,43.608001708984375
2019-11-01,53.8650016784668,33.25012969970703,25.476999282836914,116.10179138183594,237.13351440429688,43.507999420166016
2019-11-04,54.36000061035156,33.57002639770508,25.841999053955078,115.87491607666016,235.90341186523438,43.439998626708984
2019-11-05,54.63999938964844,33.645774841308594,26.110000610351562,115.7569351196289,235.08042907714844,43.066001892089844
2019-11-06,54.625,33.713111877441406,26.141000747680664,115.80229949951172,235.49624633789062,43.2400016784668
2019-11-07,55.08000183105469,33.85201644897461,26.325000762939453,115.2577896118164,232.07447814941406,42.66999816894531
2019-11-08,54.97999954223633,33.74258041381836,26.165000915527344,115.2396469116211,232.5595703125,42.79999923706055
2019-11-11,54.880001068115234,33.72574996948242,25.88800048828125,115.08534240722656,231.10423278808594,42.40399932861328
2019-11-12,55.25,33.86884307861328,25.878999710083008,115.03089904785156,231.10423278808594,42.41600036621094
2019-11-13,55.125,33.7762565612793,25.625999450683594,115.35761260986328,232.56826782226562,42.768001556396484
2019-11-14,55.005001068115234,33.6710319519043,25.597000122070312,115.47560119628906,232.9759063720703,42.97800064086914
2019-11-15,55.255001068115234,33.83096694946289,25.80699920654297,115.46651458740234,233.32449340820312,42.69200134277344
2019-11-18,55.18000030517578,33.80570602416992,25.725000381469727,115.53913116455078,233.8298797607422,42.72200012207031
2019-11-19,55.18000030517578,33.755210876464844,25.683000564575195,115.53004455566406,233.4812774658203,42.75600051879883
2019-11-20,55.11000061035156,33.63315200805664,25.684999465942383,115.53004455566406,234.15234375,42.65399932861328
2019-11-21,54.85499954223633,33.49425506591797,25.47100067138672,115.37576293945312,233.44650268554688,42.652000427246094
2019-11-22,55.11000061035156,33.645774841308594,25.610000610351562,115.57540893554688,234.50965881347656,42.72600173950195
2019-11-25,55.67499923706055,33.990909576416016,25.90999984741211,115.684326171875,234.50965881347656,42.58000183105469
2019-11-26,55.75,34.04140853881836,25.733999252319336,115.7569351196289,234.93661499023438,42.61800003051758
2019-11-27,56.0099983215332,34.14242172241211,25.844999313354492,115.67524719238281,234.43118286132812,42.52799987792969
2019-11-28,55.9900016784668,34.096126556396484,25.81599998474121,115.65711212158203,234.11749267578125,42.54199981689453
2019-11-29,55.7400016784668,33.94459915161133,25.517000198364258,115.684326171875,233.9431915283203,42.74599838256836
2019-12-02,54.86000061035156,33.38902282714844,25.29599952697754,115.03997039794922,230.51846313476562,42.486000061035156
2019-12-03,54.36000061035156,33.18279266357422,25.079999923706055,115.50282287597656,233.49002075195312,42.94200134277344
2019-12-04,55.040000915527344,33.60367965698242,25.395000457763672,115.24871826171875,232.14804077148438,42.7400016784668
2019-12-05,54.8849983215332,33.51951599121094,25.447999954223633,115.0581283569336,230.79736328125,42.84199905395508
2019-12-06,55.779998779296875,33.93197250366211,25.709999084472656,115.0762710571289,230.60565185546875,42.459999084472656
2019-12-09,55.58000183105469,33.835174560546875,25.67099952697754,115.2577896118164,231.45960998535156,42.448001861572266
2019-12-10,55.375,33.755210876464844,25.621999740600586,115.37576293945312,231.45960998535156,42.422000885009766
2019-12-11,55.380001068115234,33.85201644897461,25.829999923706055,115.54820251464844,232.5140838623047,42.66999816894531
2019-12-12,55.6349983215332,33.96144485473633,26.229000091552734,115.19425201416016,231.04132080078125,42.459999084472656
2019-12-13,55.73500061035156,34.310787200927734,26.288000106811523,115.52098083496094,233.0194854736328,42.65999984741211
2019-12-16,56.310001373291016,34.79290008544922,26.577999114990234,115.36669158935547,231.790771484375,42.56399917602539
2019-12-17,56.1349983215332,34.547664642333984,26.68400001525879,115.51189422607422,232.88877868652344,42.571998596191406
2019-12-18,56.279998779296875,34.543434143066406,26.85700035095215,115.19425201416016,230.9977569580078,42.6619987487793
2019-12-19,56.36000061035156,34.61953353881836,26.913000106811523,115.06719970703125,230.030517578125,42.7239990234375
2019-12-20,56.8849983215332,34.88167953491211,27.099000930786133,115.16703796386719,230.3180389404297,42.88399887084961
2019-12-23,56.84000015258789,34.92395782470703,27.04599952697754,115.13072204589844,230.056640625,43.00199890136719
2019-12-24,56.84000015258789,34.92395782470703,27.07900047302246,115.1851806640625,230.0653533935547,43.00199890136719
2019-12-27,56.779998779296875,35.06772232055664,27.183000564575195,115.19425201416016,230.7450408935547,43.582000732421875
2019-12-30,56.209999084472656,34.91973114013672,27.0,114.70417785644531,228.34864807128906,43.49599838256836
2019-12-31,56.11000061035156,34.91973114013672,26.878000259399414,114.80401611328125,228.8627471923828,43.49599838256836
2020-01-02,56.71500015258789,35.08039093017578,27.402000427246094,114.95829772949219,229.49021911621094,43.9379997253418
2020-01-03,56.685001373291016,34.9366455078125,27.224000930786133,115.39391326904297,231.80819702148438,44.59000015258789
2020-01-06,56.529998779296875,34.79290008544922,26.96500015258789,115.33944702148438,231.20692443847656,44.902000427246094
2020-01-07,56.900001525878906,34.860538482666016,27.09000015258789,115.2940902709961,230.8322296142578,45.32400131225586
2020-01-08,57.08000183105469,34.940879821777344,27.145999908447266,115.23056030273438,230.082763671875,45.347999572753906
2020-01-09,57.46500015258789,35.02543258666992,27.48900032043457,115.02181243896484,229.34205627441406,44.875999450683594
2020-01-10,57.41999816894531,34.94510269165039,27.5939998626709,115.0490493774414,230.1524658203125,45.125999450683594
2020-01-13,57.375,34.91127395629883,27.808000564575195,114.73139953613281,228.15689086914062,44.801998138427734
2020-01-14,57.584999084472656,35.004302978515625,27.7549991607666,114.80401611328125,228.6710662841797,44.58000183105469
2020-01-15,57.61000061035156,34.9958381652832,27.61199951171875,115.003662109375,229.79518127441406,44.6879997253418
2020-01-16,57.845001220703125,35.084625244140625,27.788000106811523,115.07160949707031,229.40304565429688,44.79600143432617
2020-01-17,58.29999923706055,35.44823455810547,27.964000701904297,114.9987564086914,229.7254638671875,45.15399932861328
2020-01-20,58.375,35.39750289916992,27.961000442504883,115.11714935302734,230.1524658203125,45.29800033569336
2020-01-21,58.29499816894531,35.30449295043945,27.507999420166016,115.3994369506836,231.2156219482422,45.13199996948242
2020-01-22,58.400001525878906,35.321407318115234,27.639999389648438,115.40856170654297,231.6600341796875,45.15800094604492
2020-01-23,58.185001373291016,35.05925750732422,27.236000061035156,115.6999740600586,234.0041961669922,45.604000091552734
2020-01-24,58.470001220703125,35.35945129394531,27.45400047302246,115.94585418701172,234.7100372314453,45.88199996948242
2020-01-27,57.22999954223633,34.56880569458008,26.364999771118164,116.5650863647461,238.3177490234375,46.16400146484375
2020-01-28,57.834999084472656,34.818260192871094,26.680999755859375,116.40117645263672,237.75131225585938,45.827999114990234
2020-01-29,58.0,34.97468948364258,26.78700065612793,116.5286636352539,239.29376220703125,45.9119987487793
2020-01-30,57.349998474121094,34.64067840576172,26.125999450683594,116.78366088867188,240.53988647460938,46.150001525878906
2020-01-31,56.689998626708984,34.30665969848633,25.621000289916992,117.06596374511719,241.7772979736328,46.04600143432617
2020-02-03,57.04999923706055,34.30665969848633,26.01099967956543,116.92024993896484,240.89715576171875,45.880001068115234
2020-02-04,58.08000183105469,34.90705108642578,26.861000061035156,116.78366088867188,239.89503479003906,45.24599838256836
2020-02-05,58.61000061035156,35.33407974243164,27.0049991607666,116.4740219116211,238.45718383789062,45.5880012512207
2020-02-06,59.04999923706055,35.477840423583984,27.13599967956543,116.38297271728516,238.45718383789062,45.80799865722656
2020-02-07,59.025001525878906,35.37214660644531,26.825000762939453,116.65617370605469,239.3983612060547,45.98400115966797
2020-02-10,59.165000915527344,35.42287826538086,26.92799949645996,116.71990966796875,240.3917236328125,46.41600036621094
2020-02-11,59.60499954223633,35.73152542114258,27.308000564575195,116.64705657958984,239.4244384765625,46.09199905395508
2020-02-12,59.94499969482422,35.99367141723633,27.656999588012695,116.79276275634766,240.07803344726562,46.30400085449219
2020-02-13,60.15999984741211,36.00634765625,27.56399917602539,116.73812866210938,240.80133056640625,46.70600128173828
2020-02-14,60.15999984741211,35.972537994384766,27.55699920654297,116.92935180664062,241.00172424316406,46.92599868774414
2020-02-17,60.345001220703125,36.06554412841797,27.736000061035156,116.78366088867188,241.04531860351562,46.9640007019043
2020-02-18,59.95000076293945,35.93446350097656,27.378999710083008,116.88383483886719,241.09762573242188,47.65999984741211
2020-02-19,60.564998626708984,36.2177619934082,27.676000595092773,117.10237884521484,241.5681915283203,47.827999114990234
2020-02-20,59.904998779296875,35.90910720825195,27.19499969482422,117.21167755126953,243.56370544433594,48.349998474121094
2020-02-21,59.529998779296875,35.77381134033203,27.054000854492188,117.36648559570312,243.77285766601562,48.57600021362305
2020-02-24,57.54499816894531,34.344703674316406,25.961999893188477,117.30274200439453,244.19984436035156,49.5260009765625
2020-02-25,56.59000015258789,33.70205307006836,25.94700050354004,117.40290832519531,244.7488555908203,48.709999084472656
2020-02-26,56.39500045776367,33.7147216796875,26.11400032043457,117.2298812866211,243.398193359375,48.39400100708008
2020-02-27,53.94499969482422,32.539310455322266,25.166000366210938,117.12969970703125,243.54632568359375,48.40999984741211
2020-02-28,51.78499984741211,31.507673263549805,24.450000762939453,117.13882446289062,245.21072387695312,46.402000427246094
2020-03-02,52.369998931884766,31.45271110534668,24.639999389648438,117.23899841308594,245.58547973632812,45.9640007019043
2020-03-03,52.970001220703125,31.896652221679688,25.101999282836914,117.50308227539062,247.99057006835938,47.15599822998047
2020-03-04,53.43000030517578,32.353275299072266,25.180999755859375,117.78539276123047,247.4154510498047,47.45399856567383
2020-03-05,53.040000915527344,31.845922470092773,25.035999298095703,117.77627563476562,247.51998901367188,47.709999084472656
2020-03-06,50.81999969482422,30.71278190612793,23.8799991607666,118.05857849121094,249.72474670410156,47.36000061035156
2020-03-09,47.720001220703125,28.298555374145508,22.209999084472656,116.87471008300781,250.22146606445312,46.79800033569336
2020-03-10,47.18000030517578,28.05755615234375,22.658000946044922,117.03865814208984,249.05368041992188,46.9640007019043
2020-03-11,47.26499938964844,27.90111541748047,22.645000457763672,117.44843292236328,251.31944274902344,47.018001556396484
2020-03-12,43.04499816894531,24.48059844970703,20.069000244140625,116.49224853515625,241.00172424316406,45.65800094604492
2020-03-13,43.755001068115234,25.182456970214844,21.323999404907227,115.60889434814453,236.81021118164062,44.0
2020-03-16,42.400001525878906,23.966726303100586,19.770000457763672,111.48358917236328,230.8147430419922,43.507999420166016
2020-03-17,43.209999084472656,24.365400314331055,20.33799934387207,111.18305969238281,228.74078369140625,44.858001708984375
2020-03-18,41.650001525878906,23.288143157958984,19.200000762939453,109.64404296875,223.54705810546875,44.150001525878906
2020-03-19,42.3650016784668,24.216957092285156,19.17099952697754,110.54560852050781,228.09591674804688,44.0
2020-03-20,42.625,24.441740036010742,20.018999099731445,111.76589965820312,233.50747680664062,44.784000396728516
2020-03-23,40.19499969482422,23.546855926513672,18.895000457763672,112.10282897949219,233.8298797607422,46.22999954223633
2020-03-24,43.564998626708984,25.557161331176758,20.23900032043457,111.69303131103516,230.5707550048828,49.0
2020-03-25,44.78499984741211,26.350257873535156,20.819000244140625,112.02998352050781,228.63616943359375,48.15800094604492
2020-03-26,45.58000183105469,26.977947235107422,21.142000198364258,113.93328094482422,234.6577606201172,47.56999969482422
2020-03-27,44.4900016784668,26.184852600097656,20.054000854492188,114.17915344238281,236.56617736816406,47.20000076293945
2020-03-30,45.45000076293945,26.50717544555664,20.334999084472656,113.60542297363281,235.0498809814453,47.30799865722656
2020-03-31,46.13999938964844,26.897363662719727,20.89699935913086,113.3413314819336,232.07830810546875,47.150001525878906
2020-04-01,44.189998626708984,26.15516471862793,20.158000946044922,113.05904388427734,232.2264404296875,46.698001861572266
2020-04-02,44.59000015258789,26.172122955322266,20.674999237060547,113.9605941772461,233.3157196044922,47.77399826049805
2020-04-03,44.43000030517578,25.94734764099121,20.548999786376953,113.01351165771484,232.57504272460938,48.2140007019043
2020-04-06,46.29499816894531,26.927059173583984,21.424999237060547,113.0772476196289,232.84519958496094,48.97999954223633
2020-04-07,47.70000076293945,27.444477081298828,21.80900001525879,113.00439453125,229.65577697753906,48.891998291015625
2020-04-08,47.69499969482422,27.546262741088867,21.69300079345703,112.76762390136719,228.66233825683594,48.922000885009766
2020-04-09,48.65999984741211,27.868595123291016,21.9060001373291,113.65097045898438,229.9259033203125,49.347999572753906
2020-04-14,49.040000915527344,28.076404571533203,22.06399917602539,113.27759552001953,229.7167510986328,50.90999984741211
2020-04-15,48.189998626708984,27.15183448791504,21.55900001525879,113.60542297363281,231.05874633789062,50.55500030517578
2020-04-16,48.69499969482422,27.368131637573242,21.959999084472656,113.63274383544922,232.07830810546875,51.20500183105469
2020-04-17,49.435001373291016,28.067922592163086,22.14299964904785,113.84221649169922,232.47918701171875,50.119998931884766
2020-04-20,49.78499984741211,28.284225463867188,22.2450008392334,113.12278747558594,229.8997802734375,50.11000061035156
2020-04-21,47.845001220703125,27.202730178833008,21.43400001525879,112.94064331054688,227.8693084716797,49.54600143432617
2020-04-22,48.90999984741211,27.737112045288086,22.128000259399414,112.85869598388672,226.10032653808594,50.869998931884766
2020-04-23,49.56999969482422,27.953414916992188,22.336999893188477,113.3413314819336,228.56651306152344,51.48500061035156
2020-04-24,49.09000015258789,27.686214447021484,21.89900016784668,113.43240356445312,231.29405212402344,51.220001220703125
2020-04-27,50.224998474121094,28.296939849853516,22.340999603271484,114.11540985107422,232.31361389160156,50.834999084472656
2020-04-28,50.58000183105469,28.68288803100586,22.552000045776367,113.8057861328125,232.81033325195312,50.64500045776367
2020-04-29,51.54999923706055,29.191831588745117,22.947999954223633,114.29753875732422,233.4115753173828,50.560001373291016
2020-04-30,50.51499938964844,28.602313995361328,22.66699981689453,114.80751037597656,235.96485900878906,50.11000061035156
2020-05-04,48.939998626708984,27.703184127807617,21.795000076293945,114.3339614868164,233.9431915283203,50.27000045776367
2020-05-05,50.48500061035156,28.275733947753906,22.32699966430664,114.36128997802734,233.17633056640625,50.5
2020-05-06,50.28499984741211,28.114578247070312,22.23900032043457,113.69648742675781,229.8736114501953,50.36000061035156
2020-05-07,50.834999084472656,28.50051498413086,22.395000457763672,113.86042785644531,231.02391052246094,50.75
2020-05-08,51.11000061035156,28.810123443603516,22.766000747680664,114.10630798339844,231.5467529296875,50.79999923706055
2020-05-11,51.29999923706055,28.623512268066406,22.716999053955078,113.91507720947266,230.44003295898438,50.51499938964844
2020-05-12,51.165000915527344,28.70833969116211,22.847000122070312,113.98789978027344,230.849609375,50.54499816894531
2020-05-13,50.0,28.16971206665039,22.618999481201172,114.27021789550781,232.54888916015625,50.900001525878906
2020-05-14,49.404998779296875,27.648048400878906,22.375,114.10630798339844,232.43438720703125,51.584999084472656
2020-05-15,49.82500076293945,27.732872009277344,22.268999099731445,114.30663299560547,231.97911071777344,51.95500183105469
2020-05-18,51.54999923706055,28.848289489746094,22.940000534057617,114.17915344238281,231.65516662597656,51.3650016784668
2020-05-19,51.35499954223633,28.67864990234375,22.966999053955078,114.19738006591797,232.67955017089844,51.220001220703125
2020-05-20,51.529998779296875,28.975528717041016,23.051000595092773,114.39772033691406,233.2135772705078,51.13999938964844
2020-05-21,51.025001525878906,28.704097747802734,22.729000091552734,114.58893585205078,233.66888427734375,50.6150016784668
2020-05-22,51.18000030517578,28.71257781982422,22.47599983215332,114.46147155761719,233.721435546875,51.10499954223633
2020-05-25,52.1150016784668,29.2978572845459,22.816999435424805,114.54341125488281,233.80020141601562,51.13999938964844
2020-05-26,52.18000030517578,29.46750259399414,22.954999923706055,114.37950134277344,232.60073852539062,50.279998779296875
2020-05-27,52.060001373291016,29.556570053100586,22.756999969482422,114.6709213256836,233.7301788330078,49.88199996948242
2020-05-28,52.78499984741211,30.065500259399414,22.70800018310547,114.81661987304688,234.44808959960938,50.08000183105469
2020-05-29,51.77000045776367,29.573535919189453,22.43899917602539,114.95323181152344,234.8158416748047,50.130001068115234
2020-06-01,52.540000915527344,29.573535919189453,23.114999771118164,114.75287628173828,232.7583465576172,50.130001068115234
2020-06-02,52.68000030517578,30.375106811523438,23.593000411987305,115.0169677734375,233.52880859375,49.84400177001953
2020-06-03,53.5,31.14699363708496,24.111000061035156,114.8348159790039,231.38377380371094,48.63399887084961
2020-06-04,53.040000915527344,30.951908111572266,23.655000686645508,114.90768432617188,231.69021606445312,48.72200012207031
2020-06-05,54.474998474121094,31.723798751831055,24.371000289916992,114.98963928222656,229.80780029296875,47.757999420166016
2020-06-08,54.51499938964844,31.613529205322266,24.19700050354004,115.08980560302734,231.46253967285156,48.17599868774414
2020-06-09,54.1150016784668,31.197887420654297,24.06100082397461,114.76197814941406,230.77085876464844,48.650001525878906
2020-06-10,53.8650016784668,31.053701400756836,24.159000396728516,114.74376678466797,230.5695343017578,48.650001525878906
2020-06-11,51.93000030517578,29.772859573364258,23.417999267578125,115.09893035888672,233.7039031982422,49.25400161743164
2020-06-12,51.89500045776367,29.963712692260742,23.665000915527344,115.34480285644531,234.6407012939453,49.5620002746582
2020-06-15,51.53499984741211,29.821914672851562,23.264999389648438,115.3812255859375,234.72825622558594,49.14799880981445
2020-06-16,53.29999923706055,30.66870880126953,23.795000076293945,115.62711334228516,235.0784912109375,49.32400131225586
2020-06-17,53.56999969482422,30.94671630859375,23.996000289916992,115.5633773803711,234.9996795654297,49.47600173950195
2020-06-18,53.35499954223633,30.698638916015625,24.062000274658203,115.62711334228516,236.8383026123047,49.40999984741211
2020-06-19,53.790000915527344,30.869722366333008,24.259000778198242,115.84567260742188,237.13597106933594,50.0099983215332
2020-06-22,53.125,30.677257537841797,24.200000762939453,116.00048065185547,238.4317169189453,50.25
2020-06-23,53.61000061035156,31.04506492614746,24.44300079345703,115.76371765136719,236.8995361328125,50.15999984741211
2020-06-24,52.209999084472656,30.1726131439209,24.06100082397461,115.99138641357422,238.41419982910156,50.400001525878906
2020-06-25,52.470001220703125,30.4206600189209,24.14699935913086,116.06423950195312,239.40357971191406,50.46500015258789
2020-06-26,52.220001220703125,30.28807830810547,24.047000885009766,116.05513000488281,239.56991577148438,50.630001068115234
2020-06-29,52.290000915527344,30.4292049407959,24.016000747680664,116.08245086669922,239.23719787597656,50.67499923706055
2020-06-30,52.70000076293945,30.45058822631836,24.03499984741211,116.14620208740234,239.05337524414062,51.01499938964844
2020-07-01,53.025001525878906,30.578901290893555,24.167999267578125,115.84567260742188,237.04840087890625,50.34000015258789
2020-07-02,53.845001220703125,31.19902801513672,24.82900047302246,116.1188735961914,238.89573669433594,50.880001068115234
2020-07-03,53.494998931884766,30.959531784057617,24.9950008392334,116.12797546386719,238.83445739746094,50.78499984741211
2020-07-06,54.18000030517578,31.417150497436523,25.69300079345703,116.1188735961914,239.00955200195312,50.755001068115234
2020-07-07,54.14500045776367,31.22041893005371,25.51300048828125,116.03689575195312,239.64869689941406,51.060001373291016
2020-07-08,53.53499984741211,31.0194034576416,25.617000579833984,116.35564422607422,240.39291381835938,51.41999816894531
2020-07-09,53.345001220703125,30.81412696838379,25.812000274658203,116.35564422607422,241.05828857421875,51.290000915527344
2020-07-10,53.810001373291016,31.092105865478516,25.690000534057617,116.49224853515625,241.39976501464844,51.13999938964844
2020-07-13,54.6349983215332,31.404315948486328,25.975000381469727,116.12797546386719,239.1759490966797,51.34000015258789
2020-07-14,53.619998931884766,31.13915252685547,25.332000732421875,116.28278350830078,240.9532470703125,51.04499816894531
2020-07-15,54.44499969482422,31.65236473083496,25.451000213623047,116.4831314086914,240.90948486328125,50.970001220703125
2020-07-16,54.099998474121094,31.524063110351562,25.070999145507812,116.53465270996094,241.55735778808594,50.79499816894531
2020-07-17,54.290000915527344,31.596763610839844,25.209999084472656,116.35198211669922,241.1020965576172,50.94499969482422
2020-07-20,54.57500076293945,31.79778289794922,25.475000381469727,116.89087677001953,242.7655487060547,51.04499816894531
2020-07-21,54.93000030517578,31.900423049926758,25.804000854492188,116.95478820800781,242.7831268310547,51.4900016784668
2020-07-22,54.310001373291016,31.648096084594727,25.3799991607666,117.14659881591797,244.07008361816406,51.73500061035156
2020-07-23,54.42499923706055,31.643821716308594,25.402000427246094,117.16485595703125,244.6829833984375,52.54999923706055
2020-07-24,53.375,31.09638214111328,24.958999633789062,116.88172912597656,243.39598083496094,52.5
2020-07-27,53.025001525878906,31.023683547973633,25.010000228881836,117.21052551269531,245.1119842529297,52.915000915527344
2020-07-28,53.38999938964844,31.164819717407227,25.135000228881836,117.11006164550781,244.9981689453125,53.57500076293945
2020-07-29,53.2599983215332,31.13915252685547,25.211999893188477,117.04612731933594,244.55162048339844,53.470001220703125
2020-07-30,52.72999954223633,30.578901290893555,24.884000778198242,117.32013702392578,246.2938995361328,53.07500076293945
2020-07-31,52.560001373291016,30.18116569519043,24.78499984741211,117.40232849121094,245.04197692871094,53.72999954223633
2020-08-03,53.70500183105469,30.86117172241211,25.135000228881836,117.1922607421875,245.20834350585938,53.95000076293945
2020-08-04,53.72999954223633,30.848329544067383,25.246000289916992,117.42974853515625,247.1168975830078,54.540000915527344
2020-08-05,53.65999984741211,30.96381378173828,25.5,117.17399597167969,245.76866149902344,55.255001068115234
2020-08-06,53.68000030517578,30.7799072265625,25.399999618530273,117.52106475830078,247.19569396972656,55.71500015258789
2020-08-07,54.13999938964844,30.865436553955078,25.326000213623047,117.50279235839844,246.76675415039062,55.33000183105469
2020-08-10,54.28499984741211,30.96381378173828,25.232999801635742,117.6124038696289,247.4234161376953,55.58000183105469
2020-08-11,54.7400016784668,31.49840545654297,25.482999801635742,117.2562026977539,245.39219665527344,53.084999084472656
2020-08-12,55.005001068115234,31.827707290649414,25.56999969482422,117.14659881591797,244.4728546142578,52.869998931884766
2020-08-13,54.869998931884766,31.660919189453125,25.408000946044922,116.90912628173828,242.5817413330078,52.94499969482422
2020-08-14,54.68000030517578,31.28883934020996,25.35700035095215,116.95478820800781,242.87940979003906,52.810001373291016
2020-08-17,54.71500015258789,31.37865447998047,25.517000198364258,117.21052551269531,244.33273315429688,53.779998779296875
2020-08-18,54.52000045776367,31.216140747070312,25.301000595092773,117.1374740600586,244.70045471191406,53.845001220703125
2020-08-19,54.83000183105469,31.408580780029297,25.371000289916992,117.22879791259766,245.40965270996094,53.005001068115234
2020-08-20,54.599998474121094,31.13060188293457,24.957000732421875,117.53933715820312,246.23263549804688,52.8650016784668
2020-08-21,54.92499923706055,31.015127182006836,25.41200065612793,117.45713806152344,245.9962921142578,52.89500045776367
2020-08-24,55.43000030517578,31.536888122558594,25.635000228881836,117.43887329101562,245.6284942626953,52.68000030517578
2020-08-25,55.470001220703125,31.41286849975586,25.819000244140625,116.81778717041016,242.24026489257812,52.19499969482422
2020-08-26,55.8849983215332,31.71651840209961,25.954999923706055,116.80864715576172,242.12648010253906,52.875
2020-08-27,56.279998779296875,31.51551628112793,25.809999465942383,116.6899185180664,241.47854614257812,52.34000015258789
2020-08-28,55.84000015258789,31.361557006835938,25.900999069213867,116.66252136230469,240.90948486328125,53.2400016784668
2020-08-31,55.625,31.12632179260254,25.173999786376953,116.64425659179688,240.1390380859375,52.95500183105469
2020-09-01,55.81999969482422,31.06644630432129,25.607999801635742,116.6899185180664,240.90069580078125,53.154998779296875
2020-09-02,56.810001373291016,31.571117401123047,25.79199981689453,117.29273223876953,243.965087890625,52.80500030517578
2020-09-03,55.7599983215332,31.062166213989258,25.400999069213867,117.36579895019531,244.8230438232422,52.33000183105469
2020-09-04,54.584999084472656,30.767072677612305,25.31100082397461,117.11006164550781,243.7811737060547,52.38999938964844
2020-09-07,55.36000061035156,31.233243942260742,25.402999877929688,117.06439971923828,242.56417846679688,52.4900016784668
2020-09-08,54.404998779296875,30.865436553955078,25.253000259399414,117.21052551269531,244.14889526367188,52.54999923706055
2020-09-09,54.9900016784668,31.39576530456543,25.3439998626709,116.96392822265625,243.22958374023438,52.92499923706055
2020-09-10,54.79999923706055,31.186199188232422,25.21500015258789,116.89999389648438,242.73052978515625,53.029998779296875
2020-09-11,54.41999816894531,31.250349044799805,25.302000045776367,117.30184936523438,244.65670776367188,52.97999954223633
2020-09-14,54.875,31.310230255126953,25.53499984741211,117.27446746826172,245.09445190429688,53.084999084472656
2020-09-15,55.33000183105469,31.505033493041992,25.900999069213867,117.33839416503906,245.4884796142578,52.9900016784668
2020-09-16,55.5,31.66421127319336,26.023000717163086,117.42974853515625,246.17138671875,53.494998931884766
2020-09-17,54.79499816894531,31.513633728027344,25.73900032043457,117.53019714355469,246.20635986328125,52.93000030517578
2020-09-18,54.29499816894531,31.328638076782227,25.642000198364258,117.56673431396484,246.02252197265625,52.935001373291016
2020-09-21,53.130001068115234,30.313322067260742,25.20599937438965,117.73113250732422,247.98373413085938,51.904998779296875
2020-09-22,53.79499816894531,30.309019088745117,25.22100067138672,117.64894104003906,247.87864685058594,52.23500061035156
2020-09-23,54.23500061035156,30.541337966918945,25.218000411987305,117.72200775146484,248.11508178710938,51.439998626708984
2020-09-24,53.619998931884766,30.244489669799805,24.944000244140625,117.56673431396484,247.8436279296875,51.52000045776367
2020-09-25,54.0,30.205768585205078,24.875999450683594,117.67633819580078,248.6053924560547,51.505001068115234
2020-09-28,55.119998931884766,30.88981819152832,25.246000289916992,117.80418395996094,248.72787475585938,51.665000915527344
2020-09-29,54.63999938964844,30.696216583251953,25.079999923706055,117.94120788574219,249.7347412109375,51.845001220703125
2020-09-30,54.959999084472656,30.66179847717285,25.489999771118164,117.88641357421875,248.5528564453125,52.01499938964844
2020-10-01,55.084999084472656,30.747848510742188,25.635000228881836,117.85900115966797,249.34951782226562,52.30500030517578
2020-10-02,54.88999938964844,30.81668472290039,25.610000610351562,117.95947265625,249.92738342285156,52.33000183105469
2020-10-05,55.244998931884766,31.08340835571289,25.597000122070312,117.8498764038086,249.03431701660156,52.29999923706055
2020-10-06,55.400001525878906,31.092016220092773,25.799999237060547,117.9229507446289,249.08688354492188,52.150001525878906
2020-10-07,55.5,31.048992156982422,26.04199981689453,117.758544921875,248.57908630371094,51.599998474121094
2020-10-08,55.939998626708984,31.307130813598633,26.145999908447266,117.93207550048828,250.1374969482422,51.69499969482422
2020-10-09,56.19499969482422,31.483516693115234,26.327999114990234,118.2060775756836,251.3107147216797,52.415000915527344
2020-10-12,56.95000076293945,31.711536407470703,26.527000427246094,118.31568145751953,252.44888305664062,52.345001220703125
2020-10-13,57.14500045776367,31.53084945678711,26.531999588012695,118.57141876220703,253.06175231933594,51.88999938964844
2020-10-14,56.904998779296875,31.505033493041992,26.54800033569336,118.55316162109375,253.6045379638672,52.2400016784668
2020-10-15,56.28499984741211,30.872608184814453,26.20599937438965,118.63534545898438,254.19110107421875,52.31999969482422
2020-10-16,56.82500076293945,31.251197814941406,26.361000061035156,118.80889892578125,254.8740997314453,52.130001068115234
2020-10-19,56.25,31.203874588012695,26.2549991607666,118.75411224365234,253.84103393554688,52.04999923706055
2020-10-20,55.65999984741211,31.048992156982422,26.298999786376953,118.51661682128906,252.99172973632812,51.96500015258789
2020-10-21,55.380001068115234,30.67470359802246,26.367000579833984,118.47095489501953,251.60836791992188,52.18000030517578
2020-10-22,55.404998779296875,30.614482879638672,26.371000289916992,118.19695281982422,250.583984375,51.709999084472656
2020-10-23,55.650001525878906,30.833890914916992,26.34000015258789,118.40701293945312,251.37191772460938,51.54499816894531
2020-10-26,54.7599983215332,30.261693954467773,26.19099998474121,118.35223388671875,251.99359130859375,51.82500076293945
2020-10-27,54.7400016784668,29.96914291381836,26.29800033569336,118.64448547363281,253.4820098876953,51.849998474121094
2020-10-28,53.584999084472656,29.087194442749023,25.905000686645508,118.50749206542969,253.0967559814453,51.5099983215332
2020-10-29,53.91999816894531,29.1173095703125,26.179000854492188,118.92762756347656,254.3574676513672,51.53499984741211
2020-10-30,53.51499938964844,29.12590980529785,25.913999557495117,118.56229400634766,253.84103393554688,51.875
2020-11-02,54.27000045776367,29.612064361572266,26.236000061035156,118.89109802246094,254.4013214111328,52.28499984741211
2020-11-03,55.189998626708984,30.287511825561523,26.256999969482422,118.8819580078125,254.4538116455078,52.25
2020-11-04,56.415000915527344,30.941448211669922,27.072999954223633,118.94588470458984,255.5044708251953,52.18000030517578
2020-11-05,56.80500030517578,31.22539520263672,27.225000381469727,119.02812194824219,255.57447814941406,52.89500045776367
2020-11-06,56.505001068115234,31.186668395996094,27.197999954223633,118.95503997802734,254.97042846679688,52.810001373291016
2020-11-09,58.46500015258789,32.39988708496094,27.985000610351562,118.24263763427734,250.06744384765625,50.470001220703125
2020-11-10,57.720001220703125,32.67522430419922,27.42099952697754,118.18780517578125,249.49839782714844,51.25
2020-11-11,58.474998474121094,33.07963943481445,27.59600067138672,118.29743194580078,250.654052734375,50.92499923706055
2020-11-12,58.0,32.80428695678711,27.68400001525879,118.46182250976562,252.3022003173828,51.125
2020-11-13,57.970001220703125,32.7913932800293,27.613000869750977,118.60796356201172,253.3561553955078,51.435001373291016
2020-11-16,58.86000061035156,33.14417266845703,28.08300018310547,118.73583221435547,253.7953643798828,51.415000915527344
2020-11-17,58.665000915527344,33.10544967651367,27.913000106811523,118.98241424560547,254.735107421875,51.130001068115234
2020-11-18,58.79499816894531,33.25602722167969,27.989999771118164,119.03724670410156,254.44525146484375,50.95500183105469
2020-11-19,58.279998779296875,33.00650405883789,27.94499969482422,119.06462860107422,254.9810333251953,50.494998931884766
2020-11-20,58.529998779296875,33.165672302246094,28.094999313354492,119.06462860107422,255.1830291748047,50.779998779296875
2020-11-23,58.45500183105469,33.08394241333008,28.257999420166016,119.0737533569336,254.74391174316406,49.854000091552734
2020-11-24,59.29999923706055,33.42382049560547,28.464000701904297,118.90021514892578,254.54188537597656,48.84199905395508
2020-11-25,59.150001525878906,33.3893928527832,28.309999465942383,118.96416473388672,254.82296752929688,48.88399887084961
2020-11-26,59.2400016784668,33.38508605957031,28.423999786376953,119.08290100097656,255.499267578125,48.89400100708008
2020-11-27,59.209999084472656,33.50125503540039,28.51799964904785,119.01895904541016,255.60462951660156,48.0620002746582
2020-11-30,58.58000183105469,33.135562896728516,27.868000030517578,118.90021514892578,254.7263641357422,47.89799880981445
2020-12-01,59.165000915527344,33.428123474121094,28.152000427246094,118.74494934082031,252.46026611328125,48.32400131225586
2020-12-02,58.845001220703125,33.38508605957031,28.108999252319336,118.70843505859375,252.679931640625,48.61000061035156
2020-12-03,58.849998474121094,33.3936882019043,28.31800079345703,118.95503997802734,254.11151123046875,48.41999816894531
2020-12-04,59.154998779296875,33.557186126708984,28.520000457763672,118.85457611083984,253.50547790527344,48.54800033569336
2020-12-07,59.16999816894531,33.48834991455078,28.62299919128418,119.11031341552734,255.0161590576172,49.39400100708008
2020-12-08,59.35499954223633,33.527061462402344,28.607999801635742,119.32038116455078,256.11407470703125,49.61199951171875
2020-12-09,59.48500061035156,33.63031768798828,28.617000579833984,119.32038116455078,256.07012939453125,49.18000030517578
2020-12-10,59.119998931884766,33.496952056884766,28.695999145507812,119.30210876464844,256.1404113769531,48.70600128173828
2020-12-11,58.72999954223633,33.21730422973633,28.59600067138672,119.56697845458984,257.5017395019531,48.91999816894531
2020-12-14,59.04499816894531,33.372196197509766,28.45599937438965,119.47561645507812,257.0714111328125,48.34600067138672
2020-12-15,59.0099983215332,33.49993896484375,28.506000518798828,119.47561645507812,257.34368896484375,48.87200164794922
2020-12-16,59.400001525878906,33.767601013183594,28.702999114990234,119.15596771240234,255.70126342773438,48.95000076293945
2020-12-17,59.41999816894531,33.858253479003906,28.72100067138672,119.2290267944336,255.91200256347656,49.5359992980957
2020-12-18,59.28499984741211,33.74169158935547,28.757999420166016,119.04637908935547,255.516845703125,49.50600051879883
2020-12-21,58.630001068115234,32.994850158691406,28.34600067138672,119.16510009765625,256.01739501953125,49.4900016784668
2020-12-22,59.15999984741211,33.387699127197266,28.231000900268555,119.36605072021484,256.58837890625,49.28200149536133
2020-12-23,59.400001525878906,33.71147155761719,28.51799964904785,118.79064178466797,254.64730834960938,49.37200164794922
2020-12-24,59.435001373291016,33.71147155761719,28.506999969482422,119.18338012695312,255.24453735351562,49.37200164794922
2020-12-28,59.7599983215332,34.0956916809082,28.511999130249023,119.12857055664062,255.61343383789062,49.45800018310547
2020-12-29,59.80500030517578,34.315860748291016,28.773000717163086,119.36605072021484,256.03497314453125,49.45399856567383
2020-12-30,59.665000915527344,34.28994369506836,29.11199951171875,119.18338012695312,255.71881103515625,49.17399978637695
2020-12-31,59.59000015258789,34.28994369506836,29.253000259399414,119.18338012695312,255.8944854736328,49.17399978637695
2021-01-04,59.30500030517578,34.26836013793945,29.430999755859375,119.40257263183594,256.6409912109375,50.849998474121094
2021-01-05,59.41999816894531,34.26836013793945,29.726999282836914,119.20162963867188,256.0876770019531,50.97999954223633
2021-01-06,60.27000045776367,34.72596740722656,29.85099983215332,119.05549621582031,254.97225952148438,49.93000030517578
2021-01-07,60.79999923706055,34.89002227783203,29.847999572753906,119.06462860107422,254.9108123779297,50.13999938964844
2021-01-08,61.099998474121094,35.097232818603516,30.663000106811523,119.13771057128906,255.63975524902344,48.895999908447266
2021-01-11,61.345001220703125,34.86842727661133,30.660999298095703,118.87283325195312,254.20809936523438,48.84000015258789
2021-01-12,61.29999923706055,34.85547637939453,30.892000198364258,118.52576446533203,252.1002655029297,48.78799819946289
2021-01-13,61.439998626708984,34.92023849487305,30.836999893188477,118.92762756347656,254.5858154296875,49.152000427246094
2021-01-14,61.7599983215332,35.15334701538086,31.415000915527344,119.02916717529297,254.8581085205078,48.917999267578125
2021-01-15,61.2599983215332,34.777767181396484,31.054000854492188,118.8185806274414,254.4013214111328,48.62799835205078
2021-01-18,61.35499954223633,34.83820343017578,31.155000686645508,118.82772827148438,253.54063415527344,48.939998626708984
2021-01-19,61.27000045776367,34.760498046875,31.340999603271484,118.8643569946289,254.137939453125,48.82600021362305
2021-01-20,62.095001220703125,35.04542541503906,31.825000762939453,118.9284439086914,253.7953643798828,49.53799819946289
2021-01-21,62.05500030517578,34.993614196777344,31.836000442504883,118.68123626708984,251.7489013671875,49.35200119018555
2021-01-22,61.65999984741211,34.82093811035156,31.44700050354004,118.45233154296875,251.6347198486328,48.987998962402344
2021-01-25,61.54999923706055,34.514434814453125,31.70800018310547,118.76364135742188,253.70750427246094,49.099998474121094
2021-01-26,61.84000015258789,34.73460006713867,31.47800064086914,118.69038391113281,253.29470825195312,49.040000915527344
2021-01-27,61.1349983215332,34.3590202331543,31.077999114990234,118.68123626708984,253.32102966308594,49.11800003051758
2021-01-28,61.189998626708984,34.402191162109375,30.948999404907227,118.75447845458984,252.9169921875,49.20199966430664
2021-01-29,59.970001220703125,33.707157135009766,30.327999114990234,118.58969116210938,252.37245178222656,49.220001220703125
2021-02-01,60.75,34.17770767211914,31.006000518798828,118.55307006835938,252.3549346923828,49.54199981689453
2021-02-02,62.040000915527344,34.64394760131836,31.767000198364258,118.33330535888672,250.9935302734375,49.12200164794922
2021-02-03,62.119998931884766,34.69575119018555,31.964000701904297,118.44318389892578,250.77394104003906,49.1879997253418
2021-02-04,62.689998626708984,34.94181442260742,31.93199920654297,118.28751373291016,250.70372009277344,47.99800109863281
2021-02-05,62.915000915527344,34.91160202026367,32.13199996948242,118.28751373291016,250.4752960205078,48.375999450683594
2021-02-08,63.15999984741211,35.010887145996094,32.1870002746582,118.20513153076172,250.5719757080078,49.02399826049805
2021-02-09,63.08000183105469,35.023841857910156,32.308998107910156,118.28751373291016,250.5456085205078,48.869998931884766
2021-02-10,62.900001525878906,34.90728759765625,32.44499969482422,118.29667663574219,250.24696350097656,48.736000061035156
2021-02-11,63.14500045776367,35.08427047729492,32.90800094604492,118.45233154296875,251.13409423828125,48.70800018310547
2021-02-12,63.349998474121094,35.3389892578125,32.900001525878906,118.15018463134766,249.41256713867188,48.459999084472656
2021-02-15,63.89500045776367,35.792266845703125,33.191001892089844,117.747314453125,247.5066375732422,48.24399948120117
2021-02-16,63.72999954223633,35.736148834228516,33.00899887084961,117.4634780883789,246.32093811035156,47.88399887084961
2021-02-17,63.54999923706055,35.420997619628906,33.04600143432617,117.50926208496094,246.35601806640625,47.40999984741211
2021-02-18,63.16999816894531,35.200836181640625,32.472999572753906,117.21627044677734,244.23056030273438,47.310001373291016
2021-02-19,63.380001068115234,35.386470794677734,32.83700180053711,117.13386535644531,243.70358276367188,47.34000015258789
2021-02-22,62.76499938964844,35.24400329589844,31.93000030517578,117.28951263427734,245.1439666748047,47.93000030517578
2021-02-23,62.32500076293945,35.10154724121094,31.71299934387207,117.06060791015625,243.5806121826172,47.78799819946289
2021-02-24,62.89500045776367,35.274227142333984,31.58799934387207,116.93243408203125,242.1490020751953,47.650001525878906
2021-02-25,62.275001525878906,35.09291458129883,31.389999389648438,116.19078826904297,239.47894287109375,46.763999938964844
2021-02-26,61.81999969482422,34.600772857666016,30.826000213623047,116.57534790039062,241.65716552734375,45.75600051879883
2021-03-01,63.029998779296875,35.218101501464844,31.729000091552734,117.30782318115234,244.9332275390625,46.30799865722656
2021-03-02,62.70500183105469,35.274227142333984,31.263999938964844,117.26205444335938,244.25692749023438,46.071998596191406
2021-03-03,62.53499984741211,35.32603073120117,31.46299934387207,116.82256317138672,241.70106506347656,45.88399887084961
2021-03-04,62.040000915527344,35.218101501464844,31.270999908447266,116.97821044921875,241.92942810058594,45.8120002746582
2021-03-05,61.334999084472656,34.95476531982422,30.81399917602539,116.74929809570312,241.50782775878906,45.768001556396484
2021-03-08,63.39500045776367,35.649803161621094,30.78700065612793,116.83171844482422,241.2794647216797,45.560001373291016
2021-03-09,63.650001525878906,35.93040466308594,31.093000411987305,116.87748718261719,242.55300903320312,46.39799880981445
2021-03-10,63.834999084472656,36.05128860473633,30.933000564575195,116.94158172607422,242.9658203125,46.428001403808594
2021-03-11,64.21499633789062,36.2628173828125,31.67799949645996,117.17964172363281,244.49407958984375,46.310001373291016
2021-03-12,63.9900016784668,36.14194107055664,31.214000701904297,116.91411590576172,242.6408233642578,46.10599899291992
2021-03-15,64.32499694824219,36.166202545166016,31.280000686645508,117.28951263427734,243.8441162109375,46.59600067138672
2021-03-16,64.93000030517578,36.47331619262695,31.639999389648438,117.18879699707031,243.43128967285156,46.75
2021-03-17,64.5250015258789,36.321922302246094,31.277999877929688,116.85916900634766,240.72616577148438,46.70600128173828
2021-03-18,64.74500274658203,36.48628616333008,31.332000732421875,116.57534790039062,239.751220703125,46.768001556396484
2021-03-19,64.30000305175781,36.1705207824707,31.371999740600586,116.74929809570312,240.56802368164062,46.99800109863281
2021-03-22,64.44999694824219,36.27433776855469,31.288999557495117,116.83171844482422,240.95448303222656,46.86000061035156
2021-03-23,64.51499938964844,36.222434997558594,31.08099937438965,117.11555480957031,242.60569763183594,46.83399963378906
2021-03-24,64.48500061035156,36.23540115356445,30.600000381469727,117.28951263427734,243.3786163330078,47.189998626708984
2021-03-25,64.25499725341797,36.2094612121582,30.56999969482422,117.39938354492188,244.42379760742188,47.29600143432617
2021-03-26,64.88999938964844,36.57712936401367,30.780000686645508,117.15216827392578,242.8867950439453,47.24599838256836
2021-03-29,65.13999938964844,36.64201354980469,31.006000518798828,116.90496826171875,241.60443115234375,46.74800109863281
2021-03-30,65.50499725341797,36.901546478271484,31.319000244140625,116.68521881103516,240.22552490234375,46.15800094604492
2021-03-31,65.66999816894531,36.84098815917969,31.395999908447266,116.97821044921875,241.0950164794922,46.694000244140625
2021-04-01,65.94000244140625,37.07889938354492,31.753000259399414,117.09723663330078,242.07875061035156,47.25400161743164
2021-04-06,66.56999969482422,37.32978439331055,31.775999069213867,116.90496826171875,240.96328735351562,47.358001708984375
2021-04-07,66.2249984741211,37.21299362182617,31.233999252319336,116.86832427978516,240.97201538085938,47.071998596191406
2021-04-08,66.61000061035156,37.45088577270508,31.482999801635742,117.06060791015625,241.65716552734375,47.41400146484375
2021-04-09,66.7699966430664,37.46820068359375,31.152000427246094,116.77678680419922,240.01467895507812,47.167999267578125
2021-04-12,66.73500061035156,37.30382537841797,30.94099998474121,116.76762390136719,239.60189819335938,46.79399871826172
2021-04-13,66.9000015258789,37.35573196411133,31.06599998474121,116.61195373535156,239.2330322265625,46.970001220703125
2021-04-14,66.8949966430664,37.44224166870117,31.19099998474121,116.50208282470703,238.31954956054688,46.58599853515625
2021-04-15,67.20999908447266,37.64122009277344,31.309999465942383,116.73099517822266,239.78634643554688,47.50600051879883
2021-04-16,67.44000244140625,37.98725509643555,31.43899917602539,116.56617736816406,238.78509521484375,47.72600173950195
2021-04-19,67.01499938964844,37.97429275512695,31.180999755859375,116.346435546875,237.89794921875,47.41400146484375
2021-04-20,66.08000183105469,37.277870178222656,30.915000915527344,116.45631408691406,238.54791259765625,47.459999084472656
2021-04-21,66.625,37.520111083984375,31.030000686645508,116.6302719116211,239.06613159179688,47.939998626708984
2021-04-22,67.01499938964844,37.78396987915039,31.240999221801758,116.60279083251953,239.03981018066406,47.6879997253418
2021-04-23,66.86000061035156,37.74504470825195,31.357999801635742,116.47461700439453,238.54791259765625,47.36000061035156
2021-04-26,67.05999755859375,37.82289505004883,31.381000518798828,116.49293518066406,238.33712768554688,47.34600067138672
2021-04-27,66.91999816894531,37.80558776855469,31.459999084472656,116.45631408691406,237.95947265625,47.36800003051758
2021-04-28,66.94499969482422,37.814247131347656,31.516000747680664,116.30980682373047,237.24803161621094,47.172000885009766
2021-04-29,66.80000305175781,37.72773361206055,31.33799934387207,116.01683044433594,235.34214782714844,46.95000076293945
2021-04-30,66.9800033569336,37.610939025878906,31.20400047302246,116.0809097290039,235.27186584472656,47.236000061035156
2021-05-03,67.0999984741211,37.918052673339844,31.115999221801758,116.04427337646484,235.61441040039062,47.762001037597656
2021-05-04,66.30999755859375,37.29950714111328,30.698999404907227,116.2274169921875,236.896728515625,47.73400115966797
2021-05-05,67.25,38.04349136352539,31.07200050354004,116.15415954589844,236.00961303710938,47.77399826049805
2021-05-06,66.83000183105469,38.030517578125,31.110000610351562,116.1449966430664,235.5177764892578,48.42399978637695
2021-05-07,67.30500030517578,38.367916107177734,31.35099983215332,115.9527359008789,234.40232849121094,48.534000396728516
2021-05-10,67.22000122070312,38.41117858886719,30.8439998626709,115.86116027832031,234.6219024658203,48.624000549316406
2021-05-11,65.91999816894531,37.69313049316406,30.492000579833984,115.61394500732422,232.66329956054688,48.417999267578125
2021-05-12,65.69999694824219,37.80558776855469,30.08799934387207,115.40335083007812,231.17893981933594,48.518001556396484
2021-05-13,65.76000213623047,37.81857681274414,29.98699951171875,115.22023010253906,230.6656494140625,48.624000549316406
2021-05-14,66.37999725341797,38.25545120239258,30.211999893188477,115.27518463134766,230.6304168701172,48.72600173950195
2021-05-17,66.13500213623047,38.21652603149414,30.1299991607666,115.0737533569336,229.74081420898438,49.38999938964844
2021-05-18,66.11000061035156,38.2684326171875,30.534000396728516,115.01881408691406,229.82891845703125,49.20399856567383
2021-05-19,64.99500274658203,37.749359130859375,30.277999877929688,115.01881408691406,229.93458557128906,49.60200119018555
2021-05-20,66.16000366210938,38.25978088378906,30.54599952697754,115.11035919189453,231.19412231445312,49.4640007019043
2021-05-21,66.48500061035156,38.4457893371582,30.389999389648438,115.33010864257812,232.07489013671875,49.518001556396484
2021-05-24,66.80000305175781,38.4457893371582,30.479000091552734,115.50407409667969,232.5945281982422,49.518001556396484
2021-05-25,66.5199966430664,38.53229522705078,30.663999557495117,115.70551300048828,233.88046264648438,49.731998443603516
2021-05-26,66.7249984741211,38.54093933105469,30.966999053955078,116.01683044433594,235.58035278320312,50.13999938964844
2021-05-27,66.98999786376953,38.679359436035156,31.093000411987305,115.76961517333984,234.32965087890625,49.90800094604492
2021-05-28,67.2300033569336,38.8956413269043,31.309999465942383,115.86116027832031,234.67315673828125,49.933998107910156
2021-05-31,66.74500274658203,38.72262191772461,31.437999725341797,115.84285736083984,234.990234375,50.119998931884766
2021-06-01,66.94999694824219,39.021087646484375,31.736000061035156,115.87947845458984,234.62913513183594,49.86800003051758
2021-06-02,67.25,39.11624526977539,31.902999877929688,116.02596282958984,235.32492065429688,50.14500045776367
2021-06-03,67.33999633789062,39.06866455078125,31.867000579833984,115.84285736083984,234.866943359375,49.566001892089844
2021-06-04,67.57499694824219,39.22871780395508,31.933000564575195,116.05345153808594,235.66842651367188,50.03499984741211
2021-06-07,67.47000122070312,39.26764678955078,31.69499969482422,115.97103881835938,235.12237548828125,49.93000030517578
2021-06-08,67.5250015258789,39.32387924194336,31.63599967956543,116.15415954589844,236.4346923828125,49.97800064086914
2021-06-09,67.65499877929688,39.38443374633789,31.62700080871582,116.35559844970703,237.4299774169922,49.93000030517578
2021-06-10,67.83000183105469,39.41470718383789,31.85700035095215,116.39222717285156,237.2097930908203,50.025001525878906
2021-06-11,68.2699966430664,39.669918060302734,31.905000686645508,116.59364318847656,238.8480224609375,49.90599822998047
2021-06-14,68.19999694824219,39.734798431396484,32.00699996948242,116.41968536376953,237.8087158203125,49.459999084472656
2021-06-15,68.29000091552734,39.77753829956055,31.756000518798828,116.19993591308594,237.2097930908203,49.34199905395508
2021-06-16,68.45999908447266,39.87797164916992,31.791000366210938,116.41968536376953,237.57972717285156,49.34199905395508
2021-06-17,69.11499786376953,39.851768493652344,32.12300109863281,116.25489044189453,237.1657257080078,47.816001892089844
2021-06-18,68.50499725341797,39.22737121582031,31.985000610351562,116.24571990966797,237.67660522460938,48.209999084472656
2021-06-21,68.81999969482422,39.49372863769531,31.861000061035156,116.1083755493164,236.5579833984375,48.15800094604492
2021-06-22,69.19999694824219,39.581050872802734,31.774999618530273,116.00765991210938,236.01193237304688,47.99399948120117
2021-06-23,68.94499969482422,39.26230239868164,32.01499938964844,116.00765991210938,236.44351196289062,48.099998474121094
2021-06-24,69.41000366210938,39.67711639404297,32.2760009765625,116.06259155273438,236.63726806640625,47.97200012207031
2021-06-25,69.55000305175781,39.725154876708984,32.47100067138672,115.80623626708984,234.61148071289062,47.948001861572266
2021-06-28,69.54000091552734,39.44569778442383,32.518001556396484,116.04427337646484,235.8357696533203,47.97200012207031
2021-06-29,69.83999633789062,39.60289001464844,32.457000732421875,115.94356536865234,235.76528930664062,47.59199905395508
2021-06-30,69.91000366210938,39.314701080322266,32.573001861572266,116.28235626220703,237.55331420898438,47.91999816894531
2021-07-01,70.0999984741211,39.55485534667969,32.3390007019043,116.23657989501953,237.5885009765625,48.034000396728516
2021-07-02,70.50499725341797,39.66400909423828,32.33300018310547,116.56617736816406,238.9625244140625,48.38600158691406
2021-07-05,70.69000244140625,39.78627014160156,32.20399856567383,116.3372802734375,238.0641326904297,48.54999923706055
2021-07-06,70.47000122070312,39.59415054321289,32.0369987487793,116.89580535888672,240.86497497558594,49.040000915527344
2021-07-07,70.94999694824219,39.856136322021484,31.9950008392334,116.95989990234375,241.5167236328125,49.097999572753906
2021-07-08,69.9800033569336,39.1444206237793,31.2810001373291,117.10638427734375,241.8514404296875,48.8120002746582
2021-07-09,70.74500274658203,39.67711639404297,31.6560001373291,116.91411590576172,240.80332946777344,49.06399917602539
2021-07-12,71.03500366210938,39.908531188964844,31.7189998626709,116.96905517578125,241.3934326171875,48.93000030517578
2021-07-13,71.41000366210938,39.921634674072266,32.09000015258789,116.97821044921875,241.7105255126953,49.36000061035156
2021-07-14,71.12999725341797,39.856136322021484,32.03499984741211,117.12470245361328,242.2389678955078,49.5620002746582
2021-07-15,70.88999938964844,39.541748046875,32.236000061035156,117.12433624267578,243.0404815673828,49.672000885009766
2021-07-16,70.6500015258789,39.40640640258789,32.00400161743164,117.3720703125,243.85079956054688,49.33000183105469
2021-07-19,69.2750015258789,38.515663146972656,31.42300033569336,117.5464096069336,245.0574951171875,49.24800109863281
2021-07-20,70.16000366210938,38.6553840637207,31.534000396728516,117.76661682128906,246.10560607910156,49.4119987487793
2021-07-21,70.69999694824219,39.310333251953125,31.5939998626709,117.64733123779297,245.0838623046875,49.20199966430664
2021-07-22,71.04000091552734,39.52865219116211,31.80900001525879,117.81249237060547,246.38743591308594,49.35599899291992
2021-07-23,71.81500244140625,39.969661712646484,31.409000396728516,117.86754608154297,246.94235229492188,49.236000061035156
2021-07-26,71.70500183105469,39.9609260559082,30.841999053955078,117.89508056640625,246.73974609375,49.0099983215332
2021-07-27,71.01000213623047,39.698944091796875,29.927000045776367,118.03270721435547,247.33865356445312,48.992000579833984
2021-07-28,71.5199966430664,40.00459671020508,30.770999908447266,118.04187774658203,247.02157592773438,49.04999923706055
2021-07-29,71.55500030517578,40.157413482666016,30.979999542236328,118.00518035888672,247.10084533691406,49.529998779296875
2021-07-30,71.30500030517578,40.00459671020508,30.79400062561035,118.00518035888672,247.45315551757812,49.417999267578125
2021-08-02,71.48999786376953,40.257835388183594,31.027000427246094,118.29878997802734,248.80955505371094,49.15800094604492
2021-08-03,71.36000061035156,40.37137222290039,30.94300079345703,118.39055633544922,248.9945526123047,49.10200119018555
2021-08-04,71.69499969482422,40.59842300415039,31.27199935913086,118.42725372314453,249.47889709472656,49.12799835205078
2021-08-05,71.9800033569336,40.764339447021484,31.325000762939453,118.50984191894531,250.36854553222656,48.99399948120117
2021-08-06,72.42500305175781,40.75560760498047,31.142000198364258,118.19786071777344,248.8007354736328,48.1619987487793
2021-08-09,72.50499725341797,40.8123664855957,31.375,118.28044891357422,249.21475219726562,47.33399963378906
2021-08-10,72.73999786376953,40.99138259887695,31.40399932861328,118.317138671875,249.65512084960938,47.4119987487793
2021-08-11,72.82499694824219,41.166038513183594,31.347000122070312,118.28044891357422,248.9681396484375,47.9379997253418
2021-08-12,72.93000030517578,41.25337219238281,31.214000701904297,118.34465789794922,249.72552490234375,47.96799850463867
2021-08-13,72.875,41.336334228515625,30.90999984741211,118.39971923828125,249.77838134765625,48.444000244140625
2021-08-16,72.625,41.13984680175781,30.659000396728516,118.28961944580078,249.33804321289062,48.73400115966797
2021-08-17,72.87000274658203,41.14857864379883,30.444000244140625,118.2712631225586,249.1266326904297,48.91600036621094
2021-08-18,72.86000061035156,41.22281265258789,30.584999084472656,118.38137817382812,249.8665008544922,48.95600128173828
2021-08-19,72.08999633789062,40.57659149169922,29.944000244140625,118.48229217529297,250.23643493652344,49.02799987792969
2021-08-20,72.5199966430664,40.729400634765625,29.895999908447266,118.51898956298828,250.55348205566406,49.11000061035156
2021-08-23,73.08000183105469,41.000118255615234,30.121999740600586,118.30797576904297,249.3821258544922,49.45600128173828
2021-08-24,73.11000061035156,40.99575424194336,30.865999221801758,118.2529296875,249.53182983398438,49.45399856567383
2021-08-25,73.22000122070312,40.97829055786133,30.88800048828125,117.8033218383789,246.25534057617188,48.88600158691406
2021-08-26,72.94499969482422,40.89096450805664,30.645000457763672,117.6932144165039,246.01751708984375,49.08000183105469
2021-08-27,73.1500015258789,41.091819763183594,30.86199951171875,117.79415893554688,246.22894287109375,49.33599853515625
2021-08-30,73.49500274658203,41.12238311767578,30.964000701904297,117.96849060058594,247.26821899414062,49.33399963378906
2021-08-31,73.37999725341797,40.95646286010742,31.382999420166016,117.55558013916016,244.5113983154297,49.268001556396484
2021-09-01,73.34500122070312,41.113643646240234,31.677000045776367,117.50052642822266,244.0357666015625,49.242000579833984
2021-09-02,73.4800033569336,41.240272521972656,31.593000411987305,117.51887512207031,244.79322814941406,49.11399841308594
2021-09-03,73.38500213623047,40.98702621459961,31.572999954223633,117.35372161865234,243.4808807373047,49.54199981689453
2021-09-06,73.83999633789062,41.279563903808594,31.850000381469727,117.42713165283203,244.01812744140625,49.40999984741211
2021-09-07,73.4800033569336,41.065616607666016,31.85099983215332,116.91329956054688,241.86026000976562,48.763999938964844
2021-09-08,73.19999694824219,40.68573760986328,31.42300033569336,117.14269256591797,242.3182373046875,48.77399826049805
2021-09-09,73.33499908447266,40.66827392578125,31.37299919128418,117.36290740966797,244.91653442382812,48.72800064086914
2021-09-10,72.95999908447266,40.50673294067383,31.43400001525879,117.28949737548828,243.4896697998047,48.77399826049805
2021-09-13,72.88500213623047,40.59842300415039,31.479000091552734,117.24362182617188,243.5425567626953,48.827999114990234
2021-09-14,72.79000091552734,40.63771438598633,31.285999298095703,117.34454345703125,244.3968963623047,49.125999450683594
2021-09-15,72.5999984741211,40.29323196411133,31.030000686645508,117.10597229003906,242.7938995361328,48.80400085449219
2021-09-16,72.95999908447266,40.52155303955078,31.01300048828125,117.14269256591797,242.64414978027344,47.992000579833984
2021-09-17,72.69999694824219,40.183467864990234,30.996000289916992,116.7665023803711,241.95712280273438,48.071998596191406
2021-09-20,71.43000030517578,39.45462417602539,30.320999145507812,117.06011962890625,242.94361877441406,48.3120002746582
2021-09-21,71.97000122070312,39.959556579589844,30.464000701904297,117.21609497070312,243.70989990234375,48.88999938964844
2021-09-22,72.31999969482422,40.288841247558594,30.979000091552734,117.17020416259766,244.1062469482422,48.72800064086914
2021-09-23,72.93000030517578,40.67523193359375,31.025999069213867,116.7022705078125,241.6312713623047,47.90399932861328
2021-09-24,72.86000061035156,40.27129364013672,30.85300064086914,116.39947509765625,239.90496826171875,48.10200119018555
2021-09-27,72.93499755859375,40.20104217529297,31.020000457763672,116.4361801147461,240.0899200439453,48.15599822998047
2021-09-28,71.55999755859375,39.336063385009766,30.64699935913086,116.3077163696289,239.0065460205078,47.86399841308594
2021-09-29,72.13500213623047,39.56877899169922,30.716999053955078,116.3260726928711,239.5174102783203,47.95000076293945
2021-09-30,72.0,39.53804397583008,31.045000076293945,116.23432159423828,238.29310607910156,48.821998596191406
2021-10-01,71.5250015258789,39.45901107788086,30.760000228881836,116.39947509765625,239.25320434570312,48.790000915527344
2021-10-04,70.72000122070312,39.208740234375,30.222999572753906,116.3077163696289,239.08584594726562,48.82400131225586
2021-10-05,71.93000030517578,39.731231689453125,30.6560001373291,116.11504364013672,237.87918090820312,48.757999420166016
2021-10-06,71.44999694824219,39.27021789550781,30.42799949645996,116.06917572021484,237.50926208496094,49.01599884033203
2021-10-07,73.01499938964844,39.92881774902344,31.16699981689453,116.12422180175781,237.97605895996094,48.86199951171875
2021-10-08,72.69499969482422,39.7839241027832,31.13599967956543,115.78472900390625,236.64605712890625,48.8120002746582
2021-10-11,72.8499984741211,39.82344055175781,31.320999145507812,115.63790893554688,235.82699584960938,48.84000015258789
2021-10-12,72.375,39.801483154296875,31.134000778198242,115.4268798828125,235.5891571044922,49.02799987792969
2021-10-13,72.18000030517578,40.06053161621094,31.299999237060547,115.77554321289062,237.74703979492188,49.827999114990234
2021-10-14,73.36499786376953,40.57424545288086,31.37299919128418,116.25267028808594,240.1339569091797,49.86399841308594
2021-10-15,73.93000030517578,40.85523986816406,31.809999465942383,116.12422180175781,239.1739044189453,49.11600112915039
2021-10-18,73.94499969482422,40.64450454711914,31.72100067138672,115.94989013671875,239.7992706298828,49.00400161743164
2021-10-19,74.31500244140625,40.811336517333984,31.97100067138672,115.70214080810547,237.87918090820312,48.94599914550781
2021-10-20,74.56999969482422,40.95183563232422,31.97599983215332,115.77554321289062,238.14341735839844,49.25400161743164
2021-10-21,74.43499755859375,40.907936096191406,31.656999588012695,115.61038208007812,238.0113067626953,49.14400100708008
2021-10-22,74.62000274658203,41.079166412353516,31.615999221801758,115.64708709716797,238.37240600585938,49.566001892089844
2021-10-25,75.0199966430664,41.12746810913086,31.92099952697754,115.77554321289062,238.63662719726562,50.04499816894531
2021-10-26,75.58999633789062,41.41286849975586,31.89900016784668,115.78472900390625,238.8832550048828,49.61399841308594
2021-10-27,75.25,41.21088790893555,31.634000778198242,116.24349975585938,241.7633819580078,49.731998443603516
2021-10-28,75.01000213623047,41.35578918457031,31.260000228881836,115.99576568603516,240.92666625976562,49.63999938964844
2021-10-29,75.74500274658203,41.35578918457031,31.270999908447266,115.50946807861328,239.2443389892578,49.4640007019043
2021-11-01,75.875,41.69825744628906,31.400999069213867,115.50946807861328,238.26666259765625,49.73400115966797
2021-11-02,76.1500015258789,41.75971984863281,31.170000076293945,115.97740936279297,239.9225311279297,49.641998291015625
2021-11-03,76.12999725341797,41.90461730957031,31.170000076293945,116.05998992919922,241.01470947265625,48.96799850463867
2021-11-04,76.91500091552734,42.067073822021484,31.309999465942383,116.5921630859375,241.88671875,49.93199920654297
2021-11-05,77.33499908447266,42.097808837890625,31.347999572753906,117.05093383789062,244.8724822998047,50.415000915527344
2021-11-08,77.13500213623047,42.097808837890625,31.493999481201172,116.78484344482422,243.2254638671875,50.59000015258789
2021-11-09,76.875,42.02316665649414,31.46299934387207,117.22526550292969,246.56358337402344,50.71500015258789
2021-11-10,77.1449966430664,42.11975860595703,31.711000442504883,116.7022705078125,244.15907287597656,51.845001220703125
2021-11-11,77.23500061035156,42.273433685302734,32.20600128173828,116.50958251953125,243.4098358154297,52.209999084472656
2021-11-12,77.70500183105469,42.383201599121094,32.29499816894531,116.72061157226562,243.40103149414062,52.32500076293945
2021-11-15,78.06500244140625,42.56761169433594,32.34700012207031,116.51876068115234,242.60630798339844,52.474998474121094
2021-11-16,78.72000122070312,42.62907409667969,32.553001403808594,116.45451354980469,242.473876953125,52.60499954223633
2021-11-17,78.69000244140625,42.681766510009766,32.505001068115234,116.3260726928711,242.01470947265625,52.994998931884766
2021-11-18,78.4000015258789,42.51930618286133,32.02899932861328,116.75730895996094,244.33697509765625,52.70000076293945
2021-11-19,78.68499755859375,42.35685729980469,32.13800048828125,117.17020416259766,246.3414306640625,52.77000045776367
2021-11-22,79.12999725341797,42.30855941772461,32.08100128173828,116.87659454345703,244.23104858398438,51.81999969482422
2021-11-23,78.06999969482422,41.72020721435547,31.854000091552734,116.23432159423828,241.2552947998047,50.904998779296875
2021-11-24,78.76499938964844,41.79924392700195,32.04999923706055,116.02328491210938,240.1250457763672,51.44499969482422
2021-11-25,78.96499633789062,41.97047805786133,32.09299850463867,116.18843841552734,240.9992218017578,51.30500030517578
2021-11-26,76.23999786376953,40.38544464111328,30.565000534057617,116.67474365234375,244.16043090820312,51.04999923706055
2021-11-29,77.19000244140625,40.710357666015625,30.915000915527344,116.6013412475586,244.266357421875,50.935001373291016
2021-11-30,76.32499694824219,40.3327522277832,30.785999298095703,116.81236267089844,246.0677032470703,50.564998626708984
2021-12-01,76.9800033569336,41.083553314208984,31.450000762939453,116.80320739746094,245.58204650878906,50.689998626708984
2021-12-02,75.63500213623047,40.57424545288086,31.325000762939453,117.14269256591797,247.18028259277344,50.20500183105469
2021-12-03,75.41000366210938,40.367881774902344,31.03499984741211,117.13351440429688,247.8072052001953,50.564998626708984
2021-12-06,76.28500366210938,40.921104431152344,31.097999572753906,117.31702423095703,248.38116455078125,50.75
2021-12-07,78.32499694824219,41.922183990478516,31.729000091552734,117.31702423095703,248.49600219726562,51.060001373291016
2021-12-08,77.69999694824219,41.67191696166992,31.677000045776367,116.77566528320312,245.18466186523438,50.564998626708984
2021-12-09,77.98999786376953,41.59727478027344,31.746000289916992,117.06011962890625,246.21780395507812,50.625
2021-12-10,77.5199966430664,41.465553283691406,31.51799964904785,117.13351440429688,246.7917022705078,50.76499938964844
2021-12-13,77.41000366210938,41.33382797241211,31.143999099731445,117.45464324951172,248.54013061523438,50.93000030517578
2021-12-14,76.6500015258789,40.89036560058594,31.045000076293945,117.27114868164062,247.9749755859375,50.56999969482422
2021-12-15,76.7699966430664,41.04533767700195,30.743999481201172,117.27114868164062,247.86904907226562,50.435001373291016
2021-12-16,77.8499984741211,41.52265548706055,31.084999084472656,117.02342224121094,245.9705352783203,51.11000061035156
2021-12-17,77.19000244140625,41.24864196777344,30.986000061035156,117.20691680908203,247.54234313964844,51.404998779296875
2021-12-20,75.48999786376953,40.71828079223633,30.264999389648438,117.13351440429688,246.43856811523438,51.05500030517578
2021-12-21,76.76000213623047,41.40332794189453,30.889999389648438,116.57382202148438,243.13612365722656,50.92499923706055
2021-12-22,77.48999786376953,41.74806213378906,30.954999923706055,116.48207092285156,242.66815185546875,50.97999954223633
2021-12-23,78.41000366210938,42.11931228637695,31.19099998474121,116.10586547851562,240.5577392578125,51.345001220703125
2021-12-24,78.43000030517578,42.11931228637695,31.016000747680664,116.11504364013672,240.3634796142578,51.345001220703125
2021-12-27,78.88999938964844,42.40217590332031,31.323999404907227,116.03246307373047,240.4871063232422,51.439998626708984
2021-12-28,79.3499984741211,42.791099548339844,31.2810001373291,116.05998992919922,240.63717651367188,51.43000030517578
2021-12-29,78.91999816894531,42.57896041870117,31.024999618530273,115.6562728881836,237.96168518066406,51.10499954223633
2021-12-30,79.33499908447266,42.715972900390625,31.408000946044922,115.64708709716797,237.49368286132812,51.154998779296875
2021-12-31,78.9800033569336,42.715972900390625,31.499000549316406,115.57368469238281,237.69677734375,51.154998779296875
2022-01-03,79.13999938964844,42.80878829956055,31.652999877929688,115.2158432006836,235.76300048828125,51.2400016784668
2022-01-04,79.49500274658203,43.11815643310547,31.533000946044922,115.33512878417969,236.05438232421875,51.654998779296875
2022-01-05,79.26000213623047,43.157936096191406,31.329999923706055,115.23419189453125,235.20669555664062,51.7599983215332
2022-01-06,78.08000183105469,42.60546875,31.142000198364258,114.94976806640625,234.6327362060547,50.935001373291016
2022-01-07,77.4749984741211,42.49498748779297,31.216999053955078,114.78459167480469,233.6260986328125,50.7599983215332
2022-01-10,76.48500061035156,41.80551528930664,31.2549991607666,114.8121337890625,234.06761169433594,50.974998474121094
2022-01-11,77.4000015258789,42.20328903198242,31.795000076293945,114.72954559326172,233.98817443847656,51.38999938964844
2022-01-12,77.80500030517578,42.459632873535156,32.09600067138672,114.89470672607422,235.4892578125,51.32500076293945
2022-01-13,77.54499816894531,42.455204010009766,31.89900016784668,115.14732360839844,237.0168914794922,50.95000076293945
2022-01-14,76.49500274658203,42.04859924316406,31.7450008392334,114.85305786132812,235.49810791015625,51.244998931884766
2022-01-17,77.125,42.331451416015625,31.81599998474121,114.64153289794922,234.5797882080078,51.25
2022-01-18,76.2699966430664,41.90275955200195,31.583999633789062,114.51277923583984,234.0146484375,51.415000915527344
2022-01-19,75.95500183105469,41.98672866821289,31.665000915527344,114.47600555419922,233.599609375,52.119998931884766
2022-01-20,76.57499694824219,42.20770263671875,32.26900100708008,114.65992736816406,234.49148559570312,52.17499923706055
2022-01-21,74.80500030517578,41.40332794189453,31.610000610351562,114.88983154296875,235.6923370361328,51.994998931884766
2022-01-24,71.75,39.77689743041992,30.524999618530273,114.97260284423828,236.1515350341797,52.1150016784668
2022-01-25,72.54499816894531,40.11721420288086,30.77199935913086,114.69670104980469,235.25965881347656,52.63999938964844
2022-01-26,74.02999877929688,40.83761215209961,30.98200035095215,114.7151107788086,233.9616241455078,52.22999954223633
2022-01-27,74.42500305175781,41.14698791503906,30.95400047302246,114.6047592163086,234.8888397216797,51.73500061035156
2022-01-28,73.44499969482422,40.70501708984375,30.608999252319336,114.49439239501953,234.56211853027344,51.41999816894531
2022-01-31,74.99500274658203,41.00114059448242,31.329999923706055,114.08975982666016,233.32586669921875,51.505001068115234
2022-02-01,75.62999725341797,41.535919189453125,31.615999221801758,113.74029541015625,231.95726013183594,51.69499969482422
2022-02-02,75.80000305175781,41.64199447631836,31.364999771118164,113.87822723388672,232.68130493164062,51.46500015258789
2022-02-03,74.45500183105469,40.886234283447266,30.857999801635742,112.90342712402344,228.76956176757812,50.79499816894531
2022-02-04,73.68000030517578,40.40448760986328,30.7549991607666,111.86424255371094,227.8070831298828,50.70500183105469
2022-02-07,74.12000274658203,40.638729095458984,30.836000442504883,111.84585571289062,225.4847869873047,51.10499954223633
2022-02-08,74.48999786376953,40.660823822021484,31.128000259399414,111.39522552490234,223.40087890625,51.474998474121094
2022-02-09,75.5199966430664,41.359134674072266,31.54199981689453,112.04816436767578,224.61944580078125,51.45500183105469
2022-02-10,75.05500030517578,41.239803314208984,31.542999267578125,111.22050476074219,221.74082946777344,51.48500061035156
2022-02-11,74.58999633789062,40.987876892089844,31.503999710083008,111.09175109863281,221.14039611816406,51.7599983215332
2022-02-14,73.83000183105469,40.30283737182617,31.066999435424805,111.15611267089844,221.0962371826172,52.880001068115234
2022-02-15,74.44000244140625,40.886234283447266,31.457000732421875,110.81585693359375,219.4980010986328,52.3849983215332
2022-02-16,74.12999725341797,40.8243522644043,31.600000381469727,111.1009521484375,220.7253875732422,52.720001220703125
2022-02-17,73.81999969482422,40.54149627685547,31.60300064086914,111.5699691772461,222.00575256347656,53.60499954223633
2022-02-18,72.94000244140625,40.27190017700195,31.198999404907227,111.67110443115234,222.4119415283203,53.689998626708984
2022-02-21,72.11000061035156,39.697349548339844,30.940000534057617,111.48719787597656,221.5819091796875,53.790000915527344
2022-02-22,72.29000091552734,39.679664611816406,30.746999740600586,111.09175109863281,220.9902801513672,53.90999984741211
2022-02-23,71.87999725341797,39.62220764160156,30.666000366210938,111.1653060913086,222.10287475585938,54.20000076293945
2022-02-24,70.91000366210938,38.29631042480469,29.559999465942383,111.71710205078125,224.0631561279297,55.404998779296875
2022-02-25,73.16999816894531,39.64430618286133,30.315000534057617,111.15611267089844,222.78280639648438,53.88999938964844
2022-02-28,73.54499816894531,39.55148696899414,30.145000457763672,111.44120788574219,224.51348876953125,54.40999984741211
2022-03-01,73.09500122070312,38.57474899291992,30.288999557495117,113.51959228515625,232.63714599609375,55.875
2022-03-02,73.9000015258789,38.89738464355469,30.280000686645508,112.59076690673828,229.60842895507812,55.5
2022-03-03,73.69999694824219,38.185813903808594,30.062999725341797,112.76548767089844,229.28173828125,56.125
2022-03-04,73.02999877929688,36.775943756103516,29.655000686645508,113.5839614868164,233.59080505371094,57.78499984741211
2022-03-07,72.71499633789062,36.32514572143555,29.13800048828125,112.57237243652344,231.39207458496094,58.584999084472656
2022-03-08,71.11000061035156,36.32514572143555,28.65399932861328,111.73548889160156,228.04551696777344,60.790000915527344
2022-03-09,72.17500305175781,38.16814422607422,29.04400062561035,111.63433074951172,224.6901092529297,57.97999954223633
2022-03-10,71.69999694824219,37.36376190185547,28.759000778198242,110.59514617919922,221.14039611816406,58.13999938964844
2022-03-11,72.44999694824219,37.75711441040039,28.562999725341797,110.73309326171875,222.43841552734375,58.290000915527344
2022-03-14,71.65499877929688,38.16814422607422,27.898000717163086,110.01577758789062,218.11167907714844,57.310001373291016
2022-03-15,72.30000305175781,38.1565055847168,27.679000854492188,110.29167175292969,219.16246032714844,56.44499969482422
2022-03-16,73.75,39.294769287109375,29.253000259399414,110.12612915039062,218.01454162597656,55.71500015258789
2022-03-17,74.0199966430664,39.45864486694336,29.200000762939453,110.19970703125,218.25296020507812,56.20500183105469
2022-03-18,75.16500091552734,39.874969482421875,29.867000579833984,110.46640014648438,218.84457397460938,55.939998626708984
2022-03-21,75.70999908447266,39.81740951538086,29.459999084472656,109.84105682373047,215.46266174316406,56.38999938964844
2022-03-22,76.51000213623047,40.220455169677734,30.062000274658203,109.61114501953125,214.77391052246094,56.10499954223633
2022-03-23,76.34500122070312,39.759830474853516,30.132999420166016,109.65711975097656,215.79820251464844,56.51499938964844
2022-03-24,76.30000305175781,39.702239990234375,30.100000381469727,109.38123321533203,214.69442749023438,57.44499969482422
2022-03-25,76.71499633789062,39.759830474853516,29.863000869750977,109.15132904052734,213.9615478515625,57.275001525878906
2022-03-28,76.95500183105469,39.804115295410156,29.90399932861328,109.0225830078125,213.99688720703125,56.77000045776367
2022-03-29,77.51499938964844,40.52605056762695,30.160999298095703,108.65473175048828,212.8577880859375,55.3650016784668
2022-03-30,77.16999816894531,40.33560562133789,30.145999908447266,108.66393280029297,212.4957275390625,55.73500061035156
2022-03-31,77.0999984741211,40.05214309692383,29.920000076293945,109.22489166259766,215.66574096679688,56.34000015258789
2022-04-01,76.8550033569336,40.19387435913086,30.299999237060547,109.11454010009766,213.92623901367188,56.18000030517578
2022-04-04,77.67500305175781,40.55705261230469,30.989999771118164,109.33525848388672,214.59730529785156,56.51499938964844
2022-04-05,77.95500183105469,40.565914154052734,30.7549991607666,108.3880386352539,210.8268585205078,56.744998931884766
2022-04-06,76.44999694824219,40.003421783447266,30.327999114990234,108.066162109375,208.5487060546875,56.85499954223633
2022-04-07,76.25,39.990135192871094,30.01300048828125,107.84544372558594,207.78048706054688,57.0
2022-04-08,77.30500030517578,40.49061965942383,30.350000381469727,107.6247329711914,207.61270141601562,57.540000915527344
2022-04-11,76.15499877929688,40.313453674316406,29.941999435424805,107.09133911132812,204.7252960205078,57.70000076293945
2022-04-12,76.55999755859375,40.13187026977539,30.12700080871582,107.08216094970703,205.06968688964844,58.46500015258789
2022-04-13,76.22000122070312,40.154014587402344,30.225000381469727,107.21088409423828,205.70541381835938,58.55500030517578
2022-04-14,76.68000030517578,40.42860794067383,30.125999450683594,106.82466125488281,202.17340087890625,58.54499816894531
2022-04-19,76.74500274658203,40.154014587402344,29.7450008392334,106.42921447753906,199.5950164794922,58.244998931884766
2022-04-20,76.87999725341797,40.521629333496094,29.552000045776367,106.6407241821289,201.9614715576172,57.8650016784668
2022-04-21,76.87999725341797,40.60135269165039,29.211999893188477,106.26367950439453,199.81576538085938,57.529998779296875
2022-04-22,75.06500244140625,39.83954620361328,29.111000061035156,105.8590316772461,199.0299072265625,57.54499816894531
2022-04-25,73.70500183105469,39.2061882019043,28.589000701904297,106.38321685791016,201.6082763671875,56.8849983215332
2022-04-26,73.80999755859375,38.8297119140625,28.5049991607666,106.6223373413086,202.27935791015625,57.435001373291016
2022-04-27,74.4749984741211,39.10432052612305,28.884000778198242,106.53956604003906,201.5552978515625,57.4900016784668
2022-04-28,74.87999725341797,39.40549850463867,29.12700080871582,105.84063720703125,198.6237030029297,57.72999954223633
2022-04-29,75.05999755859375,39.724388122558594,29.801000595092773,105.44520568847656,198.6855010986328,58.17499923706055
2022-05-02,73.44499969482422,39.0334587097168,29.34600067138672,105.20608520507812,195.2859344482422,57.05500030517578
2022-05-03,74.5,39.40992736816406,29.594999313354492,105.31644439697266,196.7075653076172,57.150001525878906
2022-05-04,73.52999877929688,38.94929885864258,29.1299991607666,105.04976654052734,195.76275634765625,56.88999938964844
2022-05-05,73.70500183105469,38.687984466552734,28.832000732421875,104.67269897460938,193.37864685058594,57.6150016784668
2022-05-06,72.69999694824219,37.94832992553711,28.45599937438965,103.90941619873047,190.60598754882812,57.43000030517578
2022-05-09,70.79499816894531,36.872066497802734,27.70199966430664,103.9737777709961,190.99452209472656,56.77000045776367
2022-05-10,70.33000183105469,37.164390563964844,27.58300018310547,104.85662841796875,194.04090881347656,56.314998626708984
2022-05-11,71.25,37.81989288330078,27.951000213623047,104.8474349975586,195.09169006347656,56.45500183105469
2022-05-12,70.5999984741211,37.5275764465332,27.792999267578125,105.86823272705078,198.95791625976562,56.75
2022-05-13,72.29000091552734,38.43553161621094,28.33799934387207,105.46358489990234,195.8113555908203,55.95500183105469
2022-05-16,72.07499694824219,38.3292350769043,28.283000946044922,105.52796173095703,196.33432006835938,56.0
2022-05-17,72.375,38.91830825805664,28.614999771118164,104.81985473632812,193.3207550048828,55.59000015258789
2022-05-18,71.3550033569336,38.422245025634766,28.371999740600586,104.88422393798828,194.5350341796875,55.68000030517578
2022-05-19,70.02999877929688,38.019195556640625,28.256000518798828,105.49117279052734,196.30772399902344,56.10499954223633
2022-05-20,69.80500030517578,38.24507522583008,28.45199966430664,105.09573364257812,194.02981567382812,56.165000915527344
2022-05-23,70.62999725341797,38.763275146484375,28.424999237060547,104.60832977294922,191.61898803710938,55.78499984741211
2022-05-24,68.98999786376953,38.293800354003906,27.579999923706055,104.81985473632812,192.80665588378906,55.96500015258789
2022-05-25,70.2699966430664,38.55511474609375,27.92099952697754,104.8934097290039,192.5762176513672,55.75
2022-05-26,71.31500244140625,38.94044494628906,28.149999618530273,104.78306579589844,191.17579650878906,55.3650016784668
2022-05-27,72.69999694824219,39.52508544921875,28.698999404907227,104.9761962890625,192.50531005859375,55.70000076293945
2022-05-30,73.1449966430664,39.71110153198242,29.035999298095703,104.50717163085938,190.28057861328125,55.3849983215332
2022-05-31,72.48999786376953,39.427635192871094,29.19099998474121,103.82664489746094,187.6924591064453,55.22999954223633
2022-06-01,72.41500091552734,39.00688171386719,29.090999603271484,103.50476837158203,185.54751586914062,55.67499923706055
2022-06-02,72.56999969482422,39.28590393066406,29.27899932861328,103.0633544921875,183.79254150390625,55.97999954223633
2022-06-03,72.29000091552734,39.1397590637207,28.929000854492188,102.76907348632812,182.58712768554688,55.595001220703125
2022-06-06,72.98999786376953,39.564945220947266,29.304000854492188,102.46558380126953,180.787841796875,55.45500183105469
2022-06-07,72.70999908447266,39.38335418701172,29.0939998626709,102.72308349609375,182.79095458984375,55.63999938964844
2022-06-08,72.84500122070312,39.1441764831543,29.327999114990234,102.244873046875,181.00057983398438,55.685001373291016
2022-06-09,72.16000366210938,38.630409240722656,29.038999557495117,101.38961029052734,178.95309448242188,55.59000015258789
2022-06-10,69.9749984741211,37.53642654418945,28.820999145507812,100.84703826904297,176.96768188476562,56.970001220703125
2022-06-13,68.27999877929688,36.71261978149414,28.0939998626709,99.39400482177734,173.28933715820312,56.310001373291016
2022-06-14,67.76499938964844,36.19442367553711,28.44700050354004,98.41919708251953,169.14125061035156,55.95000076293945
2022-06-15,68.2750015258789,36.76760482788086,28.61400032043457,99.5595474243164,173.2184600830078,56.275001525878906
2022-06-16,66.19000244140625,35.79932403564453,27.64900016784668,99.31124114990234,173.20074462890625,56.47999954223633
2022-06-17,66.29499816894531,35.8620719909668,27.850000381469727,99.60551452636719,174.71636962890625,56.6349983215332
2022-06-20,66.625,36.22966766357422,27.76799964904785,99.09051513671875,171.9509735107422,56.14500045776367
2022-06-21,67.37000274658203,36.35518264770508,28.089000701904297,99.01696014404297,171.25076293945312,56.0099983215332
2022-06-22,67.26000213623047,36.086212158203125,27.55900001525879,99.89060974121094,174.88475036621094,55.80500030517578
2022-06-23,67.41500091552734,35.803802490234375,27.656999588012695,101.01256561279297,178.78468322753906,56.03499984741211
2022-06-24,68.99500274658203,36.8034553527832,28.12299919128418,101.02175903320312,178.09335327148438,55.75
2022-06-27,69.2249984741211,36.92000961303711,28.159000396728516,100.31364440917969,176.07244873046875,55.20500183105469
2022-06-28,69.19000244140625,37.000694274902344,28.297000885009766,99.80785369873047,173.90977478027344,55.55500030517578
2022-06-29,68.58000183105469,36.81242370605469,28.19700050354004,100.48838806152344,177.36651611328125,55.76499938964844
2022-06-30,67.90499877929688,36.23414611816406,27.881000518798828,101.3436279296875,179.81283569335938,55.595001220703125
2022-07-01,68.20500183105469,36.29242706298828,27.8700008392334,102.33683013916016,183.33163452148438,55.79499816894531
2022-07-04,68.63999938964844,36.40898132324219,27.85300064086914,101.60111999511719,179.97239685058594,55.744998931884766
2022-07-05,68.41000366210938,35.6558723449707,27.7810001373291,102.42880249023438,183.03030395507812,55.44499969482422
2022-07-06,69.9000015258789,36.265525817871094,28.017000198364258,102.6771011352539,182.88844299316406,54.959999084472656
2022-07-07,71.30500030517578,36.97380065917969,28.847000122070312,102.22647857666016,181.08029174804688,55.130001068115234
2022-07-08,71.80000305175781,37.1262092590332,28.85099983215332,102.05175018310547,179.3430938720703,55.07500076293945
2022-07-11,71.32499694824219,36.98276138305664,28.30900001525879,102.55755615234375,181.4348602294922,55.44499969482422
2022-07-12,71.49500274658203,37.112770080566406,28.30699920654297,103.39442443847656,185.5740966796875,55.35499954223633
2022-07-13,70.4000015258789,36.781044006347656,28.115999221801758,103.39442443847656,186.83270263671875,55.46500015258789
2022-07-14,69.79499816894531,36.19379425048828,27.905000686645508,102.75636291503906,185.22842407226562,54.78499984741211
2022-07-15,71.06999969482422,36.86173629760742,27.948999404907227,103.09772491455078,186.36293029785156,54.33000183105469
2022-07-18,71.36499786376953,37.23380661010742,28.253000259399414,102.75636291503906,184.4927520751953,54.119998931884766
2022-07-19,71.46499633789062,37.73138427734375,28.222999572753906,102.5257339477539,183.9254913330078,53.834999084472656
2022-07-20,72.42500305175781,37.65070343017578,28.316999435424805,102.55339813232422,183.66845703125,53.779998779296875
2022-07-21,72.59500122070312,37.821044921875,28.450000762939453,102.59952545166016,184.076171875,53.935001373291016
2022-07-22,72.58000183105469,37.906211853027344,28.375999450683594,103.94647979736328,188.01153564453125,54.435001373291016
2022-07-25,72.58000183105469,37.98242950439453,28.36199951171875,104.00184631347656,187.9495086669922,54.05500030517578
2022-07-26,72.46499633789062,37.95552444458008,28.437000274658203,104.38933563232422,190.19195556640625,54.540000915527344
2022-07-27,73.19499969482422,38.143802642822266,28.634000778198242,104.3524169921875,189.7576446533203,54.584999084472656
2022-07-28,74.16000366210938,38.59206771850586,28.777999877929688,105.40415954589844,193.72848510742188,55.54499816894531
2022-07-29,74.84500122070312,39.098636627197266,28.658000946044922,105.60712432861328,195.79364013671875,55.6349983215332
2022-08-01,74.9800033569336,38.98207473754883,28.399999618530273,106.1883316040039,197.96519470214844,55.31999969482422
2022-08-02,74.99500274658203,38.914852142333984,28.513999938964844,106.00382232666016,198.0893096923828,56.1349983215332
2022-08-03,75.7300033569336,39.098636627197266,28.70599937438965,105.56098937988281,196.5027313232422,55.7400016784668
2022-08-04,75.47000122070312,39.14345932006836,28.812999725341797,106.01305389404297,198.10702514648438,56.25
2022-08-05,75.33000183105469,38.85207748413086,28.909000396728516,105.10892486572266,194.5882110595703,56.25
2022-08-08,75.83499908447266,39.10758972167969,28.972999572753906,105.4687271118164,195.65185546875,56.334999084472656
2022-08-09,75.05000305175781,38.82966232299805,28.81399917602539,105.06279754638672,194.17164611816406,56.41999816894531
2022-08-10,75.69999694824219,39.188289642333984,28.804000854492188,105.39492797851562,195.19091796875,55.86000061035156
2022-08-11,76.15499877929688,39.255523681640625,29.10700035095215,104.87828063964844,192.44325256347656,55.67499923706055
2022-08-12,76.88999938964844,39.34518051147461,29.332000732421875,104.68453979492188,191.52146911621094,56.349998474121094
2022-08-15,77.73999786376953,39.47517776489258,29.518999099731445,105.28422546386719,194.11846923828125,56.209999084472656
2022-08-16,78.12000274658203,39.54242706298828,29.565000534057617,104.64764404296875,190.89218139648438,56.099998474121094
2022-08-17,77.49500274658203,39.13897705078125,29.43600082397461,103.7896499633789,188.24200439453125,55.76499938964844
2022-08-18,78.06500244140625,39.3720817565918,29.482999801635742,103.7896499633789,188.06471252441406,55.90999984741211
2022-08-19,77.58499908447266,39.04035186767578,29.291000366210938,102.86708068847656,184.34207153320312,56.005001068115234
2022-08-22,77.13999938964844,38.67277145385742,29.405000686645508,102.23049926757812,182.39210510253906,56.165000915527344
2022-08-23,76.56500244140625,38.53380584716797,29.48900032043457,102.1751480102539,181.41714477539062,56.349998474121094
2022-08-24,76.86000061035156,38.59206771850586,29.600000381469727,101.91682434082031,180.672607421875,56.5
2022-08-25,77.24500274658203,38.67725372314453,29.902999877929688,102.07365417480469,181.2310028076172,56.60499954223633
2022-08-26,76.1449966430664,38.03173828125,29.729999542236328,101.51089477539062,179.88375854492188,55.86000061035156
2022-08-29,74.7750015258789,37.6731071472168,29.420000076293945,100.88352966308594,177.4640350341797,56.0
2022-08-30,74.04000091552734,37.440006256103516,29.065000534057617,100.7543716430664,177.54380798339844,55.3650016784668
2022-08-31,73.30999755859375,37.050018310546875,28.989999771118164,100.30233001708984,176.76380920410156,54.96500015258789
2022-09-01,72.9000015258789,36.444847106933594,28.93400001525879,100.11780548095703,174.36181640625,54.7400016784668
2022-09-02,73.8949966430664,37.166568756103516,28.917999267578125,100.58831024169922,175.46975708007812,54.95000076293945
2022-09-05,73.44000244140625,36.915531158447266,28.961999893188477,100.09011840820312,174.3795623779297,55.42499923706055
2022-09-06,73.3499984741211,37.009666442871094,28.624000549316406,99.87793731689453,174.14907836914062,55.2400016784668
2022-09-07,73.05000305175781,36.8169059753418,28.54599952697754,100.43146514892578,175.92181396484375,55.32500076293945
2022-09-08,74.11000061035156,37.02311325073242,28.5939998626709,99.93328094482422,173.62615966796875,55.130001068115234
2022-09-09,74.67500305175781,37.57448959350586,28.777000427246094,99.73954772949219,172.45619201660156,55.040000915527344
2022-09-12,75.20999908447266,38.166221618652344,28.982999801635742,100.09011840820312,174.06932067871094,54.94499969482422
2022-09-13,73.875,37.60138702392578,28.635000228881836,99.60116577148438,172.79298400878906,54.79999923706055
2022-09-14,73.30999755859375,37.2562141418457,28.576000213623047,99.73031616210938,174.31748962402344,54.775001525878906
2022-09-15,72.9000015258789,37.04193878173828,28.402000427246094,99.53658294677734,173.63502502441406,53.665000915527344
2022-09-16,71.52999877929688,36.43536376953125,27.91200065612793,99.25981140136719,173.31593322753906,53.77000045776367
2022-09-19,71.73500061035156,36.44441604614258,27.891000747680664,99.12142944335938,172.49163818359375,53.709999084472656
2022-09-20,71.6449966430664,36.04606246948242,28.038999557495117,98.3280029296875,168.91966247558594,53.57500076293945
2022-09-21,72.53500366210938,36.39915084838867,28.038000106811523,98.4202651977539,171.21527099609375,54.23500061035156
2022-09-22,70.94499969482422,35.692989349365234,27.791000366210938,97.9312973022461,169.83261108398438,54.63999938964844
2022-09-23,70.0999984741211,34.90986251831055,27.468000411987305,97.44233703613281,169.18557739257812,54.51499938964844
2022-09-26,70.3499984741211,34.7604866027832,27.42099952697754,97.02717590332031,167.35972595214844,54.724998474121094
2022-09-27,70.25,34.61563491821289,27.41200065612793,96.0769271850586,161.90867614746094,54.59000015258789
2022-09-28,70.51000213623047,34.78311538696289,27.208999633789062,96.88878631591797,164.1156768798828,55.13999938964844
2022-09-29,68.81500244140625,34.235382080078125,26.40399932861328,96.04925537109375,161.40345764160156,54.525001525878906
2022-09-30,69.30000305175781,34.656368255615234,26.552000045776367,96.68583679199219,163.49522399902344,54.900001525878906
2022-10-03,69.17500305175781,34.89628601074219,26.621000289916992,98.00511169433594,168.9108123779297,55.209999084472656
2022-10-04,70.5999984741211,36.0279655456543,27.139999389648438,98.23575592041016,168.94625854492188,55.75
2022-10-05,70.46499633789062,35.71561813354492,27.204999923706055,97.23015594482422,164.89564514160156,55.724998474121094
2022-10-06,71.0199966430664,35.439491271972656,27.42099952697754,96.8611068725586,163.97386169433594,55.9900016784668
2022-10-07,69.62999725341797,35.01850891113281,27.016000747680664,96.17840576171875,160.774169921875,55.915000915527344
2022-10-10,69.33499908447266,34.89628601074219,26.802000045776367,95.61563110351562,157.38832092285156,55.279998779296875
2022-10-11,68.88500213623047,34.710689544677734,26.43000030517578,95.61563110351562,157.8491973876953,55.4900016784668
2022-10-12,68.62999725341797,34.46624755859375,26.319000244140625,95.2558364868164,155.1192626953125,55.279998779296875
2022-10-13,68.69999694824219,34.90534210205078,26.07699966430664,95.47724914550781,157.14901733398438,54.68000030517578
2022-10-14,68.93499755859375,34.95965576171875,26.145000457763672,95.12667083740234,154.30384826660156,54.334999084472656
2022-10-17,69.58499908447266,35.62507629394531,26.482999801635742,95.69867706298828,157.3971710205078,54.415000915527344
2022-10-18,69.7249984741211,35.72919464111328,26.270999908447266,95.7078857421875,156.71469116210938,53.88999938964844
2022-10-19,70.00499725341797,35.548126220703125,26.125,95.22816467285156,155.75746154785156,53.619998931884766
2022-10-20,70.12000274658203,35.65224075317383,26.381000518798828,95.2558364868164,155.6510772705078,53.72999954223633
2022-10-21,69.81999969482422,35.484745025634766,26.305999755859375,95.04364013671875,153.90496826171875,53.8849983215332
2022-10-24,70.54499816894531,35.99174880981445,25.392000198364258,95.67098236083984,157.01605224609375,53.68000030517578
2022-10-25,71.30999755859375,36.48515319824219,25.41900062561035,96.7135009765625,162.4493408203125,53.435001373291016
2022-10-26,71.44999694824219,36.65264129638672,25.684999465942383,97.2116928100586,163.22933959960938,53.33000183105469
2022-10-27,71.24500274658203,36.711483001708984,25.756999969482422,98.06047821044922,167.350830078125,53.52000045776367
2022-10-28,71.81500244140625,36.7386474609375,25.39299964904785,97.29472351074219,165.0197296142578,53.06999969482422
2022-10-31,72.33999633789062,36.85633850097656,25.593000411987305,96.80577087402344,162.4582061767578,53.22999954223633
2022-11-01,72.46499633789062,37.069095611572266,26.184999465942383,97.06407928466797,162.6443328857422,53.625
2022-11-02,71.98999786376953,36.974037170410156,26.145999908447266,96.89801025390625,163.16729736328125,53.64500045776367
2022-11-03,71.22000122070312,36.64812088012695,26.381000518798828,96.3260269165039,160.96914672851562,53.564998626708984
2022-11-04,70.61000061035156,37.26374053955078,26.83099937438965,96.18763732910156,159.94985961914062,54.2599983215332
2022-11-07,70.88999938964844,37.399539947509766,26.797000885009766,96.15996551513672,159.62188720703125,53.959999084472656
2022-11-08,71.56500244140625,37.73452377319336,26.834999084472656,96.5382080078125,161.57186889648438,54.70500183105469
2022-11-09,70.78500366210938,37.576080322265625,26.643999099731445,97.05486297607422,163.8054656982422,54.79999923706055
2022-11-10,72.43000030517578,38.67155075073242,26.917999267578125,98.3741226196289,168.166259765625,55.345001220703125
2022-11-11,72.20999908447266,38.67155075073242,27.0939998626709,97.33162689208984,164.0004425048828,54.86000061035156
2022-11-14,72.47000122070312,38.73944854736328,27.163000106811523,97.43311309814453,163.72567749023438,55.005001068115234
2022-11-15,72.86499786376953,38.870723724365234,27.714000701904297,97.96820068359375,166.24290466308594,54.81999969482422
2022-11-16,71.87999725341797,38.53122329711914,27.062999725341797,98.56787872314453,169.19442749023438,54.904998779296875
2022-11-17,71.56500244140625,38.399940490722656,27.18400001525879,98.30955505371094,169.43675231933594,54.75
2022-11-18,72.08499908447266,38.843563079833984,27.040000915527344,98.63246154785156,170.36566162109375,54.5
2022-11-21,72.32499694824219,38.82997131347656,26.898000717163086,98.73394012451172,171.04449462890625,54.41999816894531
2022-11-22,72.83000183105469,39.07894515991211,26.930999755859375,98.85386657714844,171.04449462890625,54.47999954223633
2022-11-23,73.1050033569336,39.29170227050781,26.91699981689453,99.28749084472656,174.16168212890625,54.06999969482422
2022-11-24,73.2249984741211,39.49087905883789,27.12299919128418,99.73031616210938,176.81443786621094,54.279998779296875
2022-11-25,73.125,39.5225715637207,26.746000289916992,99.04761505126953,173.43821716308594,54.1349983215332
2022-11-28,72.56999969482422,39.23739242553711,26.881999969482422,99.11219787597656,172.9022979736328,54.02000045776367
2022-11-29,72.13999938964844,39.146854400634766,27.341999053955078,99.40740203857422,174.43858337402344,54.400001525878906
2022-11-30,72.57499694824219,39.445613861083984,27.96500015258789,99.25981140136719,174.09022521972656,54.630001068115234
2022-12-01,73.32499694824219,39.81679153442383,27.66699981689453,100.08090209960938,177.3324737548828,55.084999084472656
2022-12-02,73.01000213623047,39.735321044921875,27.680999755859375,100.09934997558594,176.85018920898438,54.875
2022-12-05,72.37000274658203,39.54973602294922,27.511999130249023,100.17315673828125,177.02880859375,54.275001525878906
2022-12-06,71.36000061035156,39.34602355957031,27.47100067138672,100.2100601196289,178.92236328125,54.275001525878906
2022-12-07,70.9749984741211,39.11063766479492,27.187000274658203,100.37612915039062,178.5293731689453,54.5099983215332
2022-12-08,71.1500015258789,39.051788330078125,27.41699981689453,100.17315673828125,178.1542205810547,54.47999954223633
2022-12-09,71.4800033569336,39.43655776977539,27.5310001373291,99.56426239013672,176.54649353027344,55.0
2022-12-12,71.17500305175781,39.22380447387695,27.05299949645996,99.69341278076172,176.9484100341797,54.44499969482422
2022-12-13,72.19999694824219,39.71721267700195,27.340999603271484,99.61038208007812,177.20745849609375,54.78499984741211
2022-12-14,72.05000305175781,39.735321044921875,27.20800018310547,99.47200775146484,173.08987426757812,54.6349983215332
2022-12-15,69.56500244140625,38.60124969482422,26.617000579833984,98.30033874511719,169.80296325683594,53.650001525878906
2022-12-16,69.00499725341797,38.12401580810547,26.80699920654297,97.77446746826172,166.8286590576172,54.255001068115234
2022-12-19,68.73500061035156,38.19673538208008,26.774999618530273,97.58071899414062,165.71218872070312,54.20000076293945
2022-12-20,68.4749984741211,38.09220504760742,26.749000549316406,97.02717590332031,162.9790496826172,54.96500015258789
2022-12-21,69.73999786376953,38.73759841918945,26.913999557495117,97.09175872802734,162.809326171875,55.03499984741211
2022-12-22,68.65499877929688,38.396724700927734,26.790000915527344,96.76885986328125,161.6214141845703,54.540000915527344
2022-12-23,68.81999969482422,38.396724700927734,26.652000427246094,96.61201477050781,160.62997436523438,54.58000183105469
2022-12-27,68.83000183105469,38.48762130737305,26.895000457763672,95.99388122558594,157.18228149414062,54.970001220703125
2022-12-28,68.45500183105469,38.39217758178711,26.767000198364258,95.97544860839844,157.9236297607422,54.560001373291016
2022-12-29,68.95999908447266,38.67851638793945,27.065000534057617,96.1691665649414,158.63818359375,54.65999984741211
2022-12-30,68.28500366210938,38.30126953125,26.631000518798828,95.77247619628906,156.27125549316406,54.79499816894531
2023-01-02,69.86000061035156,38.75123977661133,26.836999893188477,96.47362518310547,158.49526977539062,55.08000183105469
2023-01-03,69.16500091552734,38.95121383666992,27.2549991607666,96.67658996582031,160.62103271484375,55.755001068115234
2023-01-04,69.79000091552734,39.56935119628906,27.680999755859375,97.58071899414062,162.84506225585938,56.36000061035156
2023-01-05,69.38999938964844,39.45572280883789,27.812000274658203,97.08253479003906,161.77325439453125,55.900001525878906
2023-01-06,70.05500030517578,39.9556770324707,28.065000534057617,97.7006607055664,163.09515380859375,56.38999938964844
2023-01-09,70.47000122070312,40.21475601196289,28.281999588012695,97.55304718017578,163.2023468017578,56.10499954223633
2023-01-10,69.7249984741211,40.01021957397461,28.18899917602539,97.28549194335938,162.5592498779297,56.17499923706055
2023-01-11,70.34500122070312,40.19655990600586,28.292999267578125,98.23575592041016,166.3106231689453,55.92499923706055
2023-01-12,70.54499816894531,40.41473388671875,28.29599952697754,98.30352020263672,166.90013122558594,56.244998931884766
2023-01-13,70.7750015258789,40.6556282043457,28.41699981689453,98.34059143066406,167.55215454101562,56.845001220703125
2023-01-16,71.13500213623047,40.83742141723633,28.320999145507812,98.35913848876953,166.42674255371094,56.880001068115234
2023-01-17,71.33499908447266,40.99195861816406,28.43899917602539,99.017333984375,168.56143188476562,56.92499923706055
2023-01-18,70.93000030517578,41.064666748046875,28.309999465942383,99.70335388183594,172.74151611328125,56.71500015258789
2023-01-19,69.875,40.44654083251953,28.385000228881836,99.42523193359375,171.1427459716797,57.17499923706055
2023-01-20,70.37999725341797,40.58744812011719,28.645000457763672,98.4981918334961,167.74864196777344,57.09000015258789
2023-01-23,71.43499755859375,40.810150146484375,28.958999633789062,98.349853515625,165.7300567626953,56.880001068115234
2023-01-24,71.28500366210938,40.746524810791016,28.8700008392334,98.42402648925781,166.05160522460938,57.15999984741211
2023-01-25,70.72000122070312,40.65108108520508,28.73200035095215,98.6557846069336,168.48106384277344,57.1150016784668
2023-01-26,71.56500244140625,40.78287887573242,29.115999221801758,98.35913848876953,166.46246337890625,56.974998474121094
2023-01-27,72.2249984741211,40.9328727722168,29.072999954223633,98.00686645507812,165.069091796875,57.1150016784668
2023-01-30,71.8550033569336,40.8328742980957,28.68400001525879,97.67312622070312,163.11300659179688,56.88999938964844
2023-01-31,71.79000091552734,40.7374267578125,28.469999313354492,97.82144165039062,164.2652130126953,57.040000915527344
2023-02-01,71.74500274658203,40.6783447265625,28.541000366210938,97.7472915649414,163.9972686767578,56.7599983215332
2023-02-02,73.44000244140625,41.269203186035156,28.631999969482422,99.5086669921875,168.81153869628906,56.505001068115234
2023-02-03,73.81999969482422,41.42373275756836,28.525999069213867,98.64652252197266,165.13162231445312,55.369998931884766
2023-02-06,73.44000244140625,41.078304290771484,28.211000442504883,98.13665008544922,164.4081573486328,55.98500061035156
2023-02-07,73.5999984741211,41.16920852661133,28.298999786376953,97.83999633789062,163.7918701171875,56.43000030517578
2023-02-08,73.5,41.2828369140625,28.20599937438965,97.64530944824219,162.75575256347656,56.209999084472656
2023-02-09,73.61000061035156,41.532814025878906,28.437000274658203,97.98831176757812,164.02406311035156,56.025001525878906
2023-02-10,73.23500061035156,41.146480560302734,28.292999267578125,97.54334259033203,162.38954162597656,56.0
2023-02-13,73.74500274658203,41.52827453613281,28.365999221801758,97.61750793457031,163.05052185058594,55.619998931884766
2023-02-14,73.41500091552734,41.53736114501953,28.20199966430664,97.1910629272461,162.1126708984375,55.45000076293945
2023-02-15,74.05500030517578,41.72825622558594,28.100000381469727,96.82024383544922,160.99618530273438,55.224998474121094
2023-02-16,73.98500061035156,41.78733825683594,28.267000198364258,96.82950592041016,159.5313720703125,55.30500030517578
2023-02-17,73.09500122070312,41.705528259277344,27.924999237060547,96.95003509521484,160.72821044921875,55.3849983215332
2023-02-20,73.23999786376953,41.77370834350586,28.184999465942383,96.95003509521484,160.5763702392578,55.470001220703125
2023-02-21,72.52999877929688,41.66008758544922,27.77899932861328,96.34745025634766,158.20945739746094,55.34000015258789
2023-02-22,72.47000122070312,41.56009292602539,27.649999618530273,96.4308853149414,158.14694213867188,55.4900016784668
2023-02-23,72.45500183105469,41.56462478637695,27.79400062561035,96.80171203613281,159.5224151611328,55.28499984741211
2023-02-24,72.0999984741211,41.091949462890625,27.327999114990234,96.16204833984375,158.20050048828125,55.25
2023-02-27,72.5,41.632808685302734,27.402999877929688,96.04153442382812,157.2984161376953,55.06999969482422
2023-02-28,72.25499725341797,41.4555549621582,27.281999588012695,95.7170639038086,155.9139862060547,55.345001220703125
2023-03-01,71.48500061035156,41.205570220947266,27.57699966430664,95.20719909667969,154.44915771484375,55.334999084472656
2023-03-02,71.83999633789062,41.419185638427734,27.825000762939453,95.14230346679688,153.27015686035156,55.724998474121094
2023-03-03,73.0250015258789,41.81006622314453,28.030000686645508,95.30916595458984,153.85964965820312,55.95500183105469
2023-03-06,73.30999755859375,41.760074615478516,27.972999572753906,95.25354766845703,155.0832977294922,55.709999084472656
2023-03-07,72.87999725341797,41.43282699584961,27.792999267578125,95.39259338378906,155.42271423339844,55.30500030517578
2023-03-08,72.78500366210938,41.478275299072266,27.819000244140625,95.66143798828125,157.5038299560547,55.404998779296875
2023-03-09,72.7699966430664,41.38737106323242,27.444000244140625,95.77268981933594,156.34268188476562,55.6150016784668
2023-03-10,71.2249984741211,40.851051330566406,27.125,96.70899200439453,160.12979125976562,55.94499969482422
2023-03-13,69.55000305175781,39.787513732910156,26.722000122070312,97.719482421875,163.28271484375,57.03499984741211
2023-03-14,70.58000183105469,40.44654083251953,26.75200080871582,96.84806060791016,159.7367706298828,57.16999816894531
2023-03-15,69.94999694824219,39.229217529296875,26.517000198364258,98.02540588378906,165.7300567626953,58.974998474121094
2023-03-16,70.91000366210938,39.77627944946289,26.82699966430664,97.60823822021484,163.51495361328125,58.09000015258789
2023-03-17,70.34500122070312,39.324951171875,26.64299964904785,98.26644134521484,165.7479248046875,59.02000045776367
2023-03-20,70.3499984741211,39.65774917602539,26.559999465942383,98.58161926269531,166.52499389648438,59.22999954223633
2023-03-21,70.94000244140625,40.15923309326172,26.61199951171875,97.82144165039062,163.36309814453125,57.95500183105469
2023-03-22,71.05500030517578,40.25952911376953,26.834999084472656,97.46917724609375,160.7728729248047,58.06999969482422
2023-03-23,70.48999786376953,40.186580657958984,27.084999084472656,98.1737289428711,164.10446166992188,58.869998931884766
2023-03-24,70.30000305175781,39.7078971862793,27.020000457763672,98.47965240478516,165.95335388183594,59.38999938964844
2023-03-27,70.83999633789062,40.09995651245117,26.84600067138672,98.05320739746094,163.09515380859375,58.29999923706055
2023-03-28,70.49500274658203,40.08628463745117,27.05500030517578,97.63604736328125,161.63926696777344,58.33000183105469
2023-03-29,71.19999694824219,40.61056137084961,27.240999221801758,97.64530944824219,162.28236389160156,58.34000015258789
2023-03-30,71.56999969482422,41.0482063293457,27.31800079345703,97.37646484375,160.7728729248047,58.2400016784668
2023-03-31,72.36499786376953,41.29439163208008,27.42300033569336,97.75655364990234,161.75538635253906,58.53499984741211
2023-04-03,72.54499816894531,41.28527069091797,27.329999923706055,98.05320739746094,163.83648681640625,58.72999954223633
2023-04-04,72.12999725341797,41.21688461303711,27.180999755859375,98.00686645507812,161.5588836669922,59.29499816894531
2023-04-05,71.97000122070312,41.28071594238281,27.084999084472656,98.46110534667969,164.3634490966797,59.40999984741211
2023-04-06,72.02999877929688,41.51777648925781,27.16200065612793,98.51673126220703,164.70289611816406,59.154998779296875
2023-04-11,72.5250015258789,41.70924377441406,27.50200080871582,97.72875213623047,161.5588836669922,58.994998931884766
2023-04-12,72.22000122070312,41.80498504638672,27.191999435424805,97.43208312988281,160.22804260253906,58.779998779296875
2023-04-13,72.0999984741211,42.00558090209961,27.27899932861328,97.45989990234375,159.8171844482422,59.33000183105469
2023-04-14,72.6449966430664,42.247196197509766,27.274999618530273,97.14471435546875,158.80789184570312,58.47999954223633
2023-04-17,72.96499633789062,42.20160675048828,27.486000061035156,96.83879089355469,157.7896728515625,58.650001525878906
2023-04-18,73.08499908447266,42.420440673828125,27.472999572753906,96.98712158203125,158.6917724609375,58.935001373291016
2023-04-19,72.98999786376953,42.3657341003418,27.191999435424805,96.84806060791016,157.47705078125,58.470001220703125
2023-04-20,72.75,42.28822326660156,27.194000244140625,97.06127166748047,158.52206420898438,58.70000076293945
2023-04-21,72.7249984741211,42.46146774291992,26.83099937438965,96.79244995117188,157.75393676757812,57.89500045776367
2023-04-24,72.4000015258789,42.49794006347656,26.63599967956543,96.75536346435547,157.3787841796875,57.86000061035156
2023-04-25,72.2699966430664,42.374847412109375,26.35300064086914,97.34866333007812,159.59388732910156,58.224998474121094
2023-04-26,71.55000305175781,42.0374870300293,26.38800048828125,97.3857421875,159.7814483642578,58.095001220703125
2023-04-27,71.92500305175781,42.092201232910156,26.624000549316406,97.02420806884766,158.15586853027344,57.880001068115234
2023-04-28,72.55500030517578,42.39764404296875,26.78499984741211,97.65457916259766,159.96902465820312,57.95500183105469
2023-05-02,71.8499984741211,41.891605377197266,26.55500030517578,98.0810317993164,161.63034057617188,58.8849983215332
2023-05-03,71.94999694824219,42.1013069152832,26.47800064086914,98.09955596923828,161.61245727539062,58.869998931884766
2023-05-04,71.48999786376953,41.89616394042969,26.71500015258789,98.23863220214844,161.65713500976562,59.904998779296875
2023-05-05,72.3949966430664,42.37028884887695,26.957000732421875,97.8677978515625,160.0762176513672,58.72999954223633
2023-05-08,72.625,42.55720520019531,27.040000915527344,97.72875213623047,159.29913330078125,59.13999938964844
2023-05-09,72.87999725341797,42.39308547973633,27.006999969482422,97.51553344726562,158.46847534179688,59.43000030517578
2023-05-10,72.78500366210938,42.21528244018555,26.982999801635742,97.88634490966797,159.28128051757812,59.310001373291016
2023-05-11,72.98500061035156,42.26087188720703,26.920000076293945,98.33131408691406,161.47850036621094,59.41999816894531
2023-05-12,73.26000213623047,42.475135803222656,26.8700008392334,97.98831176757812,160.4245147705078,59.494998931884766
2023-05-15,73.45500183105469,42.58455276489258,27.2189998626709,97.75655364990234,159.22769165039062,59.63999938964844
2023-05-16,73.33000183105469,42.39308547973633,27.21500015258789,97.50625610351562,158.22731018066406,59.14500045776367
2023-05-17,73.52999877929688,42.33837127685547,27.263999938964844,97.51553344726562,158.8793487548828,58.755001068115234
2023-05-18,74.58000183105469,42.54352569580078,27.357999801635742,96.88513946533203,155.93182373046875,58.36000061035156
2023-05-19,74.54000091552734,42.82617950439453,27.29400062561035,97.17251586914062,157.23153686523438,58.875
2023-05-22,74.80500030517578,42.83985137939453,27.55900001525879,96.92223358154297,156.44410705566406,58.720001220703125
2023-05-23,74.65499877929688,42.59823226928711,27.43400001525879,96.82950592041016,156.09112548828125,58.64500045776367
2023-05-24,73.48999786376953,41.82777404785156,27.149999618530273,96.9129638671875,156.4531707763672,58.845001220703125
2023-05-25,73.82499694824219,41.65909957885742,27.145999908447266,96.70899200439453,155.96441650390625,58.349998474121094
2023-05-26,74.88500213623047,42.17881774902344,27.59600067138672,96.51432800292969,155.0774383544922,58.334999084472656
2023-05-29,75.1050033569336,42.11043167114258,27.44499969482422,97.14471435546875,157.7926788330078,58.43000030517578
2023-05-30,74.76499938964844,41.72291946411133,27.28700065612793,97.69166564941406,159.98300170898438,58.810001373291016
2023-05-31,74.3499984741211,41.2715950012207,27.016000747680664,98.04395294189453,161.0872039794922,59.48500061035156
2023-06-01,74.33999633789062,41.640865325927734,27.256000518798828,98.26644134521484,161.7931671142578,59.29499816894531
2023-06-02,76.05999755859375,42.23807907104492,27.986000061035156,98.05320739746094,161.38587951660156,58.81999969482422
2023-06-05,76.30000305175781,42.046600341796875,27.909000396728516,97.65457916259766,160.0010986328125,58.755001068115234
2023-06-06,76.4000015258789,42.2335205078125,28.19499969482422,97.69166564941406,159.4580535888672,58.98500061035156
2023-06-07,76.26000213623047,42.15602111816406,28.24799919128418,97.28376770019531,158.10040283203125,58.650001525878906
2023-06-08,75.875,42.16058349609375,28.100000381469727,97.43208312988281,158.58013916015625,58.67499923706055
2023-06-09,76.24500274658203,42.08308029174805,28.35300064086914,97.79364013671875,160.3721923828125,58.68000030517578
2023-06-12,76.45999908447266,42.124114990234375,28.360000610351562,97.8492660522461,160.41744995117188,58.54499816894531
2023-06-13,77.16500091552734,42.40220260620117,28.54400062561035,97.62677001953125,160.05540466308594,57.94499969482422
2023-06-14,77.17500305175781,42.561767578125,28.54599952697754,97.43208312988281,159.5214080810547,58.01499938964844
2023-06-15,76.90499877929688,42.49760818481445,28.523000717163086,97.12617492675781,159.42185974121094,57.525001525878906
2023-06-16,77.22000122070312,42.723541259765625,28.552000045776367,97.5248031616211,161.25918579101562,57.65999984741211
2023-06-19,76.73999786376953,42.29473876953125,28.434999465942383,97.15399169921875,159.50328063964844,57.45000076293945
2023-06-20,76.36499786376953,42.02269744873047,28.09000015258789,97.71021270751953,162.24571228027344,57.05500030517578
2023-06-21,76.01000213623047,41.81982421875,27.83300018310547,97.5711441040039,162.04660034179688,56.70000076293945
2023-06-22,75.80999755859375,41.6400032043457,27.736000061035156,97.25596618652344,161.3406219482422,56.14500045776367
2023-06-23,75.7699966430664,41.46017837524414,27.500999450683594,97.96978759765625,163.63954162597656,56.73500061035156
2023-06-26,75.59500122070312,41.450958251953125,27.577999114990234,98.18301391601562,164.68040466308594,56.76499938964844
2023-06-27,75.5199966430664,41.48323059082031,27.68199920654297,97.83999633789062,163.79342651367188,56.17499923706055
2023-06-28,76.23999786376953,41.77371597290039,27.631000518798828,98.06248474121094,164.68946838378906,56.310001373291016
2023-06-29,76.52999877929688,41.82443618774414,27.625,97.63604736328125,162.7978057861328,56.439998626708984
2023-06-30,77.19499969482422,42.31317901611328,27.791000366210938,97.79364013671875,163.313720703125,56.505001068115234
2023-07-03,77.4000015258789,42.23017883300781,28.09600067138672,97.55260467529297,163.04220581054688,56.79499816894531
2023-07-04,77.48500061035156,42.27167892456055,28.292999267578125,97.40428161621094,161.59405517578125,56.86000061035156
2023-07-05,77.41500091552734,41.944313049316406,28.065000534057617,97.3393783569336,161.02386474609375,56.88999938964844
2023-07-06,76.1500015258789,40.94838333129883,27.43899917602539,96.46797180175781,157.8922576904297,56.470001220703125
2023-07-07,76.1500015258789,41.03599166870117,27.613000869750977,96.56067657470703,157.1410369873047,56.69499969482422
2023-07-10,75.83000183105469,41.13742446899414,27.50200080871582,96.59774780273438,157.1410369873047,56.310001373291016
2023-07-11,76.1449966430664,41.40945816040039,27.691999435424805,96.48651123046875,156.3354949951172,56.529998779296875
2023-07-12,76.50499725341797,42.05036163330078,28.016000747680664,97.08909606933594,158.33575439453125,56.525001525878906
2023-07-13,76.50499725341797,42.31779098510742,28.143999099731445,97.56641387939453,160.51699829101562,56.34000015258789
2023-07-14,76.48999786376953,42.27629852294922,28.058000564575195,97.51971435546875,160.35409545898438,56.0099983215332
2023-07-17,76.41500091552734,41.9996452331543,27.94700050354004,97.603759765625,160.68894958496094,55.8849983215332
2023-07-18,76.82499694824219,42.2855110168457,27.9060001373291,98.28539276123047,163.47665405273438,56.73500061035156
2023-07-19,77.50499725341797,42.363895416259766,27.961000442504883,97.98660278320312,162.1642608642578,56.72999954223633
2023-07-20,77.56999969482422,42.57599639892578,27.841999053955078,97.69712829589844,161.30442810058594,56.875
2023-07-21,77.67500305175781,42.686649322509766,27.923999786376953,97.8838882446289,162.00132751464844,56.720001220703125
2023-07-24,77.95999908447266,42.72814178466797,28.343000411987305,98.08930969238281,162.4901123046875,56.89500045776367
2023-07-25,78.36000061035156,42.954071044921875,28.652999877929688,98.0052719116211,162.11900329589844,57.13999938964844
2023-07-26,78.08499908447266,42.686649322509766,28.60099983215332,97.678466796875,161.00576782226562,57.2599983215332
2023-07-27,79.20500183105469,43.24917221069336,28.822999954223633,97.94925689697266,161.37684631347656,56.880001068115234
2023-07-28,78.95500183105469,43.19845199584961,29.136999130249023,97.85588073730469,160.36312866210938,57.185001373291016
2023-07-31,78.98999786376953,43.226112365722656,29.152000427246094,97.82785034179688,160.18211364746094,57.43000030517578
2023-08-01,78.94999694824219,42.788089752197266,29.011999130249023,97.4543685913086,158.36289978027344,57.029998779296875
2023-08-02,78.0999984741211,42.29935073852539,28.406999588012695,97.6224365234375,158.32667541503906,56.880001068115234
2023-08-03,77.68499755859375,42.04574966430664,28.52400016784668,97.33296966552734,157.28582763671875,56.900001525878906
2023-08-04,77.59500122070312,42.16563034057617,28.43600082397461,97.51039123535156,158.01895141601562,56.55500030517578
2023-08-07,77.37999725341797,42.216346740722656,28.243999481201172,97.34232330322266,157.23153686523438,56.52000045776367
2023-08-08,77.22000122070312,42.091861724853516,28.027999877929688,98.0239486694336,160.2726287841797,56.57500076293945
2023-08-09,77.15499877929688,42.29012680053711,28.05500030517578,97.77183532714844,159.684326171875,56.1150016784668
2023-08-10,77.53500366210938,42.64514923095703,28.22800064086914,97.66913604736328,158.96932983398438,55.98500061035156
2023-08-11,77.0250015258789,42.15640640258789,27.76300048828125,97.23960876464844,156.9962158203125,56.224998474121094
2023-08-14,77.51000213623047,42.23017883300781,27.719999313354492,97.13689422607422,156.75184631347656,56.244998931884766
2023-08-15,76.9800033569336,41.82443618774414,27.520999908447266,96.81942749023438,155.5209503173828,56.14500045776367
2023-08-16,76.84500122070312,41.81521987915039,27.426000595092773,96.98750305175781,156.0730438232422,56.130001068115234
2023-08-17,76.33999633789062,41.43251419067383,27.49799919128418,96.65135955810547,154.72445678710938,55.96500015258789
2023-08-18,75.72000122070312,41.20658874511719,27.246000289916992,96.98750305175781,156.12733459472656,55.91999816894531
2023-08-21,75.7750015258789,41.2526969909668,27.184999465942383,96.64201354980469,154.14520263671875,55.80500030517578
2023-08-22,76.51499938964844,41.50628662109375,27.368999481201172,96.99683380126953,156.0820770263672,56.23500061035156
2023-08-23,77.0,41.66766357421875,27.7189998626709,97.75316619873047,158.8516387939453,56.78499984741211
2023-08-24,76.69999694824219,41.50628662109375,27.690000534057617,97.71581268310547,158.92404174804688,57.0
2023-08-25,76.71499633789062,41.524723052978516,27.740999221801758,97.50106048583984,158.064208984375,56.869998931884766
2023-08-28,77.31999969482422,41.981197357177734,28.031999588012695,97.4356918334961,157.90130615234375,57.18000030517578
2023-08-29,77.96499633789062,42.28090286254883,28.224000930786133,97.89321899414062,159.28611755371094,57.375
2023-08-30,77.91999816894531,42.197906494140625,27.975000381469727,97.68780517578125,158.806396484375,57.20500183105469
2023-08-31,78.53500366210938,42.110294342041016,27.878999710083008,98.07063293457031,159.9287109375,57.529998779296875
2023-09-01,78.88500213623047,42.11952590942383,28.285999298095703,97.65045928955078,157.7202911376953,57.64500045776367
2023-09-04,78.92500305175781,42.08263397216797,28.4060001373291,97.51039123535156,157.0233612060547,57.724998474121094
2023-09-05,79.20999908447266,41.9996452331543,28.382999420166016,97.32363891601562,155.80149841308594,57.81999969482422
2023-09-06,78.56999969482422,41.75988006591797,28.222999572753906,97.00616455078125,154.97787475585938,57.5099983215332
2023-09-07,78.48500061035156,41.75065994262695,27.94700050354004,97.2582778930664,156.0368194580078,57.65999984741211
2023-09-08,78.63500213623047,41.83826446533203,27.990999221801758,97.3609848022461,156.49842834472656,57.63999938964844
2023-09-11,78.63500213623047,41.971981048583984,28.125999450683594,97.17424774169922,155.3670654296875,57.54499816894531
2023-09-12,78.66999816894531,41.85670852661133,28.141000747680664,97.14623260498047,155.2855987548828,57.290000915527344
2023-09-13,78.63999938964844,41.75065994262695,28.145999908447266,97.02484893798828,155.16793823242188,57.19499969482422
2023-09-14,79.65499877929688,42.363895416259766,28.488000869750977,97.37033081054688,156.47128295898438,57.51499938964844
2023-09-15,79.29000091552734,42.47999954223633,28.32900047302246,96.95948791503906,154.08184814453125,57.97999954223633
2023-09-18,78.91000366210938,42.01912307739258,28.201000213623047,96.62333679199219,152.95953369140625,57.959999084472656
2023-09-19,78.55000305175781,41.98653793334961,28.047000885009766,96.56730651855469,152.85093688964844,58.154998779296875
2023-09-20,78.7750015258789,42.405521392822266,28.125999450683594,96.83809661865234,153.72885131835938,58.28499984741211
2023-09-21,77.5199966430664,41.82360076904297,27.64299964904785,96.539306640625,152.56129455566406,57.814998626708984
2023-09-22,77.48999786376953,41.67928695678711,27.961999893188477,96.54864501953125,152.13587951660156,58.11000061035156
2023-09-25,77.44999694824219,41.423240661621094,27.965999603271484,96.26852416992188,150.09945678710938,58.26499938964844
2023-09-26,76.83000183105469,41.13460922241211,27.67799949645996,96.1191177368164,149.5835723876953,57.849998474121094
2023-09-27,77.04000091552734,41.0787467956543,27.833999633789062,95.93236541748047,148.77806091308594,57.5099983215332
2023-09-28,77.16000366210938,41.25564956665039,27.722999572753906,95.26007080078125,146.24380493164062,56.6349983215332
2023-09-29,77.29000091552734,41.39530944824219,27.816999435424805,96.01641082763672,148.6965789794922,56.375
2023-10-02,77.20500183105469,40.98564529418945,27.809999465942383,95.67092895507812,147.1488800048828,56.1150016784668
2023-10-03,76.25,40.506141662597656,27.59000015258789,95.33477020263672,145.0219268798828,56.04499816894531
2023-10-04,76.0,40.45493698120117,27.3439998626709,95.33477020263672,145.80935668945312,55.775001525878906
2023-10-05,75.96499633789062,40.59458923339844,27.222999572753906,95.59622192382812,146.34336853027344,55.47999954223633
2023-10-06,76.44000244140625,40.962371826171875,27.55299949645996,95.59622192382812,146.180419921875,55.66999816894531
2023-10-09,76.95500183105469,40.82735824584961,27.409000396728516,96.20316314697266,148.28024291992188,56.505001068115234
2023-10-10,78.03500366210938,41.64670181274414,27.790000915527344,96.30587768554688,148.75994873046875,56.3650016784668
2023-10-11,77.70500183105469,41.665321350097656,27.89299964904785,96.6886978149414,151.28512573242188,56.67499923706055
2023-10-12,78.31999969482422,41.72584533691406,27.922000885009766,96.22183990478516,149.7555389404297,57.029998779296875
2023-10-13,77.83499908447266,41.297550201416016,27.856000900268555,96.42724609375,150.37098693847656,58.85499954223633
2023-10-16,78.19999694824219,41.441864013671875,27.934999465942383,96.18448638916016,149.27584838867188,58.584999084472656
2023-10-17,77.9800033569336,41.39530944824219,27.802000045776367,95.64291381835938,147.30276489257812,58.44499969482422
2023-10-18,77.57499694824219,40.92512130737305,27.47599983215332,95.39080047607422,146.10804748535156,59.36000061035156
2023-10-19,76.72000122070312,40.45493698120117,27.28499984741211,95.42815399169922,146.45196533203125,59.53499984741211
2023-10-20,75.3550033569336,39.90560531616211,26.874000549316406,95.68026733398438,146.72349548339844,60.52000045776367
2023-10-23,75.05999755859375,39.87766647338867,26.71299934387207,95.90436553955078,147.7552947998047,59.73500061035156
2023-10-24,75.48500061035156,40.017330169677734,27.167999267578125,96.02574157714844,147.7824249267578,59.64500045776367
2023-10-25,75.16000366210938,40.02198791503906,26.92099952697754,95.68026733398438,146.1985321044922,60.05500030517578
2023-10-26,74.55500030517578,39.859046936035156,26.798999786376953,95.92304229736328,146.80496215820312,60.380001068115234
2023-10-27,73.9000015258789,39.51920700073242,26.743999481201172,96.04441833496094,146.97691345214844,60.1349983215332
2023-10-30,73.98999786376953,39.696109771728516,26.80900001525879,96.22183990478516,147.54713439941406,60.59000015258789
2023-10-31,74.67500305175781,39.94284439086914,26.617000579833984,96.39923858642578,148.01776123046875,60.61000061035156
2023-11-01,75.48500061035156,40.231468200683594,26.9689998626709,96.67936706542969,148.7689666748047,60.314998626708984
2023-11-02,76.58999633789062,40.897186279296875,27.354000091552734,97.0528564453125,150.63343811035156,60.03499984741211
2023-11-03,76.9749984741211,40.94839859008789,27.650999069213867,97.54774475097656,153.0229034423828,59.66999816894531
2023-11-06,76.7699966430664,40.83201599121094,27.934999465942383,96.95015716552734,150.4434051513672,59.314998626708984
2023-11-07,77.22000122070312,40.780799865722656,27.93899917602539,97.3983383178711,152.75135803222656,59.10499954223633
2023-11-08,76.95500183105469,40.897186279296875,27.753999710083008,97.76248931884766,154.76065063476562,58.75
2023-11-09,77.29499816894531,41.26496124267578,27.733999252319336,97.51039123535156,153.31251525878906,58.91999816894531
2023-11-10,77.11000061035156,40.84132766723633,27.6200008392334,97.23960876464844,152.30787658691406,58.40999984741211
2023-11-13,77.6500015258789,41.153228759765625,27.718000411987305,97.22093963623047,152.38027954101562,58.470001220703125
2023-11-14,78.16000366210938,41.69325637817383,27.915000915527344,98.0239486694336,155.25843811035156,58.20000076293945
2023-11-15,78.44000244140625,41.851531982421875,28.305999755859375,97.8465347290039,154.50723266601562,58.060001373291016
2023-11-16,77.98999786376953,41.595489501953125,27.878999710083008,98.09864807128906,155.7053680419922,58.79499816894531
2023-11-17,78.2699966430664,42.023780822753906,27.88800048828125,98.16400146484375,155.8800506591797,58.57500076293945
2023-11-20,78.33999633789062,42.12154769897461,28.082000732421875,98.08930969238281,155.93521118164062,58.0
2023-11-21,78.375,42.079647064208984,27.989999771118164,98.4347915649414,157.17630004882812,58.82500076293945
2023-11-22,79.02999877929688,42.20999526977539,28.05900001525879,98.38810729980469,157.3509521484375,58.91999816894531
2023-11-23,78.98999786376953,42.34965515136719,28.104999542236328,98.05195617675781,156.06390380859375,58.625
2023-11-24,78.83999633789062,42.484657287597656,27.924999237060547,98.01461029052734,155.68699645996094,58.72999954223633
2023-11-27,78.69999694824219,42.340335845947266,27.81100082397461,98.55616760253906,157.470458984375,59.04999923706055
2023-11-28,78.55000305175781,42.200687408447266,27.96500015258789,98.92033386230469,158.19674682617188,59.52000045776367
2023-11-29,78.6050033569336,42.38224792480469,27.856000900268555,99.26582336425781,159.60330200195312,59.834999084472656
2023-11-30,78.97000122070312,42.57776641845703,28.075000762939453,99.19112396240234,158.7667236328125,60.099998474121094
2023-12-01,79.8499984741211,43.04795455932617,28.18600082397461,99.77937316894531,160.6789093017578,60.810001373291016
2023-12-04,79.76000213623047,43.04795455932617,28.10300064086914,99.882080078125,161.5247039794922,60.810001373291016
2023-12-05,80.16000366210938,43.04795455932617,28.003999710083008,100.60105895996094,165.22035217285156,60.810001373291016
2023-12-06,80.27999877929688,43.04795455932617,28.15399932861328,100.75981140136719,166.39707946777344,60.810001373291016
2023-12-07,80.375,43.30865478515625,28.134000778198242,100.77848052978516,166.58094787597656,60.380001068115234
2023-12-08,80.875,43.64849853515625,28.143999099731445,100.47968292236328,164.650390625,59.97999954223633
2023-12-11,81.16000366210938,43.74159622192383,28.295000076293945,100.3022689819336,164.65956115722656,59.26499938964844
2023-12-12,81.13999938964844,43.66246795654297,28.177000045776367,100.61039733886719,166.02935791015625,59.0
2023-12-13,81.43499755859375,43.62522506713867,28.030000686645508,100.95589447021484,167.73928833007812,59.029998779296875
2023-12-14,81.40499877929688,44.00230026245117,28.367000579833984,101.50679779052734,168.998779296875,59.61000061035156
2023-12-15,81.9749984741211,44.04402160644531,28.56800079345703,102.21643829345703,172.18881225585938,59.93000030517578
2023-12-18,82.01000213623047,43.875831604003906,28.291000366210938,101.85227966308594,170.48806762695312,59.55500030517578
2023-12-19,82.09500122070312,44.04402160644531,28.475000381469727,102.35649108886719,173.264404296875,59.915000915527344
2023-12-20,82.3499984741211,44.15615463256836,28.284000396728516,102.57125091552734,174.2205047607422,59.61000061035156
2023-12-21,81.7300033569336,44.0486946105957,28.363000869750977,102.76734161376953,174.74453735351562,59.775001525878906
2023-12-22,82.04000091552734,44.123451232910156,28.268999099731445,102.76734161376953,174.29403686523438,60.05500030517578
2023-12-27,81.76000213623047,44.20754623413086,28.341999053955078,103.1221694946289,176.00399780273438,60.08000183105469
2023-12-28,82.05500030517578,44.123451232910156,28.750999450683594,102.91674041748047,173.99989318847656,60.16999816894531
2023-12-29,81.87000274658203,44.2215576171875,28.722000122070312,102.43119812011719,171.076416015625,59.900001525878906
2024-01-02,82.21499633789062,44.19352722167969,28.709999084472656,102.02035522460938,170.2030792236328,60.595001220703125
2024-01-03,81.83000183105469,43.78238296508789,28.641000747680664,102.23511505126953,171.03965759277344,59.81999969482422
2024-01-04,81.78500366210938,44.114097595214844,28.58300018310547,101.74957275390625,169.01715087890625,59.93000030517578
2024-01-05,81.62999725341797,43.987953186035156,28.628000259399414,101.47879028320312,168.35523986816406,60.07500076293945
2024-01-08,81.80000305175781,44.14213943481445,28.510000228881836,101.63751983642578,168.64024353027344,59.540000915527344
2024-01-09,82.41500091552734,44.04402160644531,28.336999893188477,101.26402282714844,167.08656311035156,59.650001525878906
2024-01-10,82.40499877929688,43.969268798828125,28.13800048828125,101.21733856201172,166.96705627441406,59.380001068115234
2024-01-11,82.11499786376953,43.590824127197266,28.150999069213867,101.20367431640625,167.1233367919922,59.15999984741211
2024-01-12,82.68499755859375,44.001976013183594,28.434999465942383,101.64659881591797,168.61265563964844,60.165000915527344
2024-01-15,82.74500274658203,43.777706146240234,28.297000885009766,101.37329864501953,167.28883361816406,60.290000915527344
2024-01-16,82.94499969482422,43.66557693481445,28.062000274658203,101.28849029541016,166.74642944335938,60.11000061035156
2024-01-17,82.4000015258789,43.198368072509766,27.53700065612793,100.902099609375,165.92823791503906,59.51499938964844
2024-01-18,82.7300033569336,43.441322326660156,27.792999267578125,100.81729888916016,165.15599060058594,59.63999938964844
2024-01-19,83.00499725341797,43.31984329223633,27.826000213623047,100.86441802978516,165.8087158203125,59.79999923706055
2024-01-22,83.94499969482422,43.69361114501953,27.79199981689453,101.13770294189453,166.71885681152344,59.73500061035156
2024-01-23,84.05500030517578,43.56746292114258,28.035999298095703,100.7984390258789,164.51246643066406,60.04999923706055
2024-01-24,84.50499725341797,44.109432220458984,28.405000686645508,100.94922637939453,164.9629364013672,59.349998474121094
2024-01-25,84.86000061035156,44.21689224243164,28.468000411987305,101.33560943603516,166.05694580078125,59.79499816894531
2024-01-26,84.97000122070312,44.70278549194336,28.47599983215332,101.24136352539062,165.70761108398438,59.69499969482422
2024-01-29,85.30000305175781,44.7822151184082,28.527000427246094,101.65602111816406,167.022216796875,60.290000915527344
2024-01-30,85.54499816894531,44.88032913208008,28.256999969482422,101.33560943603516,165.89144897460938,60.28499984741211
2024-01-31,85.01499938964844,44.87565994262695,28.34600067138672,101.95758819580078,168.37362670898438,60.79499816894531
2024-02-01,84.69499969482422,44.6794319152832,28.336999893188477,101.99528503417969,168.93441772460938,61.03499984741211
2024-02-02,86.02999877929688,44.698116302490234,28.38599967956543,101.50523376464844,166.96705627441406,60.560001373291016
2024-02-05,86.17500305175781,44.68877029418945,28.549999237060547,101.04346466064453,164.98135375976562,60.56999969482422
2024-02-06,86.37000274658203,44.983116149902344,29.216999053955078,101.13770294189453,165.39503479003906,60.89500045776367
2024-02-07,86.7300033569336,44.842952728271484,29.121999740600586,101.0340347290039,164.80667114257812,60.904998779296875
2024-02-08,86.79000091552734,44.81959533691406,29.038999557495117,100.7230453491211,163.74024963378906,60.52000045776367
2024-02-09,86.93499755859375,44.7822151184082,28.975000381469727,100.572265625,163.71267700195312,60.290000915527344
2024-02-12,87.6500015258789,45.05319595336914,29.45199966430664,100.7607421875,164.27346801757812,60.10499954223633
2024-02-13,86.80000305175781,44.614017486572266,28.975000381469727,100.63822937011719,164.47572326660156,59.875
2024-02-14,86.92500305175781,44.842952728271484,29.288000106811523,100.902099609375,165.76275634765625,59.69499969482422
2024-02-15,87.33999633789062,45.141963958740234,29.305999755859375,100.98692321777344,165.9650115966797,59.779998779296875
2024-02-16,87.73500061035156,45.45032501220703,29.5310001373291,100.713623046875,165.44100952148438,59.94499969482422
2024-02-19,87.5250015258789,45.51106643676758,29.524999618530273,100.713623046875,164.95375061035156,60.19499969482422
2024-02-20,86.68000030517578,45.436309814453125,29.40399932861328,100.91153717041016,165.76275634765625,60.310001373291016
2024-02-21,86.58499908447266,45.36155319213867,29.472000122070312,100.47802734375,164.0803985595703,60.15999984741211
2024-02-22,88.05000305175781,45.78205108642578,29.679000854492188,100.62881469726562,165.15599060058594,60.07500076293945
2024-02-23,88.38500213623047,45.93155288696289,29.701000213623047,101.07173919677734,167.0130615234375,60.46500015258789
2024-02-26,88.05999755859375,45.76335525512695,29.535999298095703,100.67593383789062,164.9721221923828,60.09000015258789
2024-02-27,87.93000030517578,45.861473083496094,29.608999252319336,100.48745727539062,164.4297332763672,60.2599983215332
2024-02-28,87.9800033569336,45.69794845581055,29.246000289916992,100.44974517822266,164.43893432617188,60.345001220703125
2024-02-29,88.18000030517578,45.69327926635742,29.319000244140625,100.8455581665039,166.22242736816406,60.814998626708984
2024-03-01,88.80000305175781,45.99696350097656,29.642000198364258,100.80786895751953,165.45018005371094,61.630001068115234
2024-03-04,88.79000091552734,45.987613677978516,29.54599952697754,100.93980407714844,166.20404052734375,62.70500183105469
2024-03-05,88.18499755859375,45.89418029785156,29.322999954223633,101.42042541503906,168.70455932617188,62.959999084472656
2024-03-06,88.47000122070312,46.08573532104492,29.618000030517578,101.46754455566406,168.95278930664062,63.20000076293945
2024-03-07,88.86499786376953,46.61368942260742,29.611000061035156,101.77853393554688,170.1754913330078,63.42499923706055
2024-03-08,88.93000030517578,46.58097839355469,29.631000518798828,102.0141372680664,170.34095764160156,63.90999984741211
2024-03-11,88.32499694824219,46.44548797607422,29.742000579833984,101.78795623779297,169.56874084472656,64.16999816894531
2024-03-12,89.07499694824219,46.88934326171875,30.009000778198242,101.71256256103516,169.4951934814453,63.68000030517578
2024-03-13,89.07499694824219,47.001468658447266,29.783000946044922,101.5900650024414,168.86087036132812,63.834999084472656
2024-03-14,89.12999725341797,46.90802764892578,29.854999542236328,101.35446166992188,167.4267120361328,63.70000076293945
2024-03-15,88.59500122070312,46.744537353515625,29.67099952697754,101.26022338867188,167.19688415527344,63.869998931884766
2024-03-18,89.3949966430664,46.707054138183594,29.761999130249023,101.20367431640625,167.05899047851562,63.83000183105469
2024-03-19,89.51499938964844,46.819480895996094,29.642000198364258,101.21309661865234,166.50741577148438,63.7400016784668
2024-03-20,89.72000122070312,46.814796447753906,29.711000442504883,101.27906799316406,166.9486846923828,63.849998474121094
2024-03-21,91.0199966430664,47.2925910949707,30.08300018310547,101.50523376464844,167.56463623046875,64.44999694824219
2024-03-22,90.9749984741211,47.301963806152344,29.979999542236328,101.83506774902344,169.1918182373047,64.36499786376953
2024-03-25,90.69999694824219,47.33943176269531,29.93899917602539,101.53350830078125,168.0059051513672,64.58000183105469
2024-03-26,90.90499877929688,47.3956413269043,29.961000442504883,101.59947204589844,168.64024353027344,64.66000366210938
2024-03-27,90.86499786376953,47.479957580566406,29.948999404907227,101.97642517089844,169.8997039794922,65.11000061035156
2024-03-28,91.44499969482422,47.62049102783203,30.195999145507812,102.0141372680664,169.4676055908203,66.08499908447266
2024-04-02,90.68499755859375,47.19890594482422,30.43400001525879,101.35446166992188,165.77194213867188,67.2699966430664
2024-04-03,90.76499938964844,47.34880447387695,30.31100082397461,101.32618713378906,166.0201416015625,67.91000366210938
2024-04-04,90.84500122070312,47.42374801635742,30.499000549316406,101.64659881591797,167.7025146484375,67.75
2024-04-05,90.19999694824219,47.00216293334961,30.236000061035156,101.49581146240234,166.49819946289062,68.93499755859375
2024-04-08,90.37999725341797,47.273860931396484,30.45400047302246,101.2696304321289,166.0937042236328,69.04499816894531
2024-04-09,89.8550033569336,46.96468734741211,30.514999389648438,101.72200012207031,168.3184814453125,69.51000213623047
2024-04-10,90.2750015258789,47.030269622802734,30.441999435424805,101.32618713378906,167.24285888671875,69.98999786376953
2024-04-11,90.4000015258789,46.871002197265625,30.624000549316406,101.11885833740234,165.66163635253906,70.2699966430664
2024-04-12,90.8499984741211,46.98342514038086,30.37700080871582,101.75968170166016,168.41958618164062,72.38999938964844
2024-04-15,90.6449966430664,47.011539459228516,30.288000106811523,101.25079345703125,166.0937042236328,70.94499969482422
2024-04-16,89.2300033569336,46.30420684814453,29.71500015258789,100.85498046875,164.622802734375,72.17500305175781
2024-04-17,88.76000213623047,46.30888748168945,29.645000457763672,100.93980407714844,165.31228637695312,72.0199966430664
2024-04-18,88.97000122070312,46.47283935546875,29.871999740600586,100.902099609375,165.1376190185547,71.83499908447266
2024-04-19,88.0999984741211,46.42131042480469,29.628999710083008,100.86441802978516,164.9997100830078,72.08000183105469
2024-04-22,88.2750015258789,46.800750732421875,29.795000076293945,101.05288696289062,165.6432342529297,70.55999755859375
2024-04-23,89.23999786376953,47.34880447387695,29.990999221801758,101.02461242675781,165.15599060058594,69.69000244140625
2024-04-24,89.27999877929688,47.152061462402344,30.155000686645508,100.52513885498047,162.6002960205078,70.0250015258789
2024-04-25,88.19999694824219,46.819480895996094,30.07200050354004,100.3932113647461,162.12225341796875,69.94999694824219
2024-04-26,89.78500366210938,47.38627624511719,30.54400062561035,100.70420837402344,163.59317016601562,70.19000244140625
2024-04-29,89.81500244140625,47.43312072753906,30.753999710083008,101.01519012451172,165.11924743652344,70.11000061035156
2024-04-30,89.57499694824219,47.18953323364258,30.618999481201172,100.7230453491211,164.27346801757812,69.11000061035156
2024-05-02,88.91500091552734,47.0677490234375,31.03499984741211,100.83614349365234,164.95375061035156,69.08000183105469
2024-05-03,89.63999938964844,47.2925910949707,31.167999267578125,101.19425201416016,165.6432342529297,68.44499969482422
2024-05-06,90.31999969482422,47.629859924316406,31.240999221801758,101.39214324951172,166.47064208984375,69.29000091552734
2024-05-07,90.94000244140625,48.11701965332031,31.131999969482422,101.69371795654297,167.93235778808594,69.09500122070312
2024-05-08,90.94499969482422,48.29502868652344,31.150999069213867,101.51465606689453,166.8935089111328,69.3550033569336
2024-05-09,91.13999938964844,48.48240280151367,31.101999282836914,101.2696304321289,165.5329132080078,69.56999969482422
2024-05-10,91.44499969482422,48.83840560913086,31.200000762939453,101.12828063964844,165.1100311279297,70.5199966430664
2024-05-13,91.30000305175781,48.857147216796875,31.35700035095215,101.23194122314453,165.18357849121094,69.51000213623047
2024-05-14,91.25,48.95083236694336,31.41699981689453,101.02461242675781,164.29183959960938,69.91500091552734
2024-05-15,91.91500091552734,49.25999069213867,31.618000030517578,101.74082946777344,167.61978149414062,70.46499633789062
2024-05-16,92.29000091552734,49.19440841674805,31.718000411987305,101.68428802490234,167.27232360839844,70.41000366210938
2024-05-17,92.0,49.14756774902344,31.865999221801758,101.3167495727539,165.82501220703125,71.2750015258789
2024-05-20,92.5199966430664,49.33494186401367,31.820999145507812,101.21309661865234,165.3488006591797,71.81500244140625
2024-05-21,92.30999755859375,49.21315002441406,31.618999481201172,101.35446166992188,165.83436584472656,71.91999816894531
2024-05-22,92.34500122070312,49.06324768066406,31.618000030517578,101.22251892089844,165.1433868408203,70.83999633789062
2024-05-23,92.37000274658203,49.08198928833008,31.518999099731445,100.82670593261719,164.20030212402344,69.6050033569336
2024-05-24,92.02999877929688,48.98830032348633,31.395000457763672,100.94922637939453,164.65782165527344,69.13999938964844
2024-05-27,92.25,49.20378112792969,31.54800033569336,101.23194122314453,165.48886108398438,69.80000305175781
2024-05-28,91.87999725341797,48.857147216796875,31.32900047302246,100.95865631103516,164.19094848632812,69.74500274658203
2024-05-29,91.5250015258789,48.35124206542969,31.01799964904785,100.33666229248047,161.67916870117188,69.54499816894531
2024-05-30,91.2699966430664,48.64166259765625,30.934999465942383,100.62881469726562,162.37945556640625,69.51000213623047
2024-05-31,90.66999816894531,48.800933837890625,30.399999618530273,100.66651153564453,162.75299072265625,69.05999755859375
2024-06-03,91.34500122070312,48.99767303466797,30.79199981689453,101.10000610351562,164.41505432128906,69.15499877929688
2024-06-04,91.16999816894531,48.74471664428711,30.26300048828125,101.28849029541016,165.36749267578125,68.74500274658203
2024-06-05,92.26000213623047,49.2506217956543,30.8799991607666,101.53350830078125,166.5626983642578,69.6500015258789
2024-06-06,92.5999984741211,49.531673431396484,31.023000717163086,101.28849029541016,165.50753784179688,70.17500305175781
2024-06-07,93.05999755859375,49.409889221191406,31.08799934387207,100.92094421386719,164.03221130371094,68.68000030517578
2024-06-10,93.44999694824219,49.24125289916992,31.31800079345703,100.33666229248047,161.30564880371094,68.98999786376953
2024-06-11,93.31500244140625,48.791561126708984,31.106000900268555,100.3932113647461,161.48309326171875,69.27999877929688
2024-06-12,93.7750015258789,49.23188781738281,31.34600067138672,101.08116149902344,164.06024169921875,69.15499877929688
2024-06-13,93.7699966430664,48.63229751586914,31.413000106811523,101.10000610351562,163.87347412109375,68.95500183105469
2024-06-14,94.02999877929688,48.13576126098633,31.621999740600586,101.60889434814453,166.0304412841797,69.9000015258789
2024-06-17,94.08499908447266,48.205204010009766,31.66900062561035,101.35446166992188,165.09669494628906,69.36499786376953
2024-06-18,94.59500122070312,48.53699493408203,31.972000122070312,101.46754455566406,166.3385772705078,69.66000366210938
2024-06-19,94.7249984741211,48.480125427246094,32.143001556396484,101.37329864501953,165.20872497558594,69.66000366210938
2024-06-20,95.12000274658203,48.887752532958984,32.053001403808594,101.34502410888672,165.1153564453125,70.6449966430664
2024-06-21,94.75,48.5085563659668,32.03499984741211,101.33560943603516,164.63917541503906,70.06999969482422
2024-06-24,94.94999694824219,48.916194915771484,32.02199935913086,101.40157318115234,164.58314514160156,69.86000061035156
2024-06-25,94.87999725341797,48.77400207519531,31.809999465942383,101.42042541503906,164.96595764160156,69.66000366210938
2024-06-26,94.83499908447266,48.49907684326172,31.83099937438965,101.23194122314453,163.67738342285156,69.26000213623047
2024-06-27,94.83000183105469,48.30948257446289,31.820999145507812,101.19425201416016,163.16383361816406,69.88999938964844
2024-06-28,95.19000244140625,48.22416305541992,32.00899887084961,100.98692321777344,162.60357666015625,69.91500091552734
2024-07-01,94.63500213623047,48.35688018798828,31.950000762939453,100.6570816040039,160.67071533203125,69.81999969482422
2024-07-02,94.78500366210938,48.15780258178711,31.863000869750977,100.7701644897461,160.74539184570312,69.72000122070312
2024-07-03,95.08499908447266,48.49907684326172,32.196998596191406,101.10942840576172,162.69696044921875,70.30500030517578
2024-07-04,95.30000305175781,48.81191635131836,32.277000427246094,101.0340347290039,162.2487335205078,70.16500091552734
2024-07-05,95.33499908447266,48.7360725402832,32.233001708984375,101.35446166992188,163.3038787841797,70.86499786376953
2024-07-08,95.50499725341797,48.71711730957031,32.33700180053711,101.52409362792969,164.7698974609375,70.26499938964844
2024-07-09,95.66000366210938,48.25260543823242,32.430999755859375,101.18482208251953,162.96774291992188,70.01000213623047
2024-07-10,96.02999877929688,48.7360725402832,32.54999923706055,101.57120513916016,164.65782165527344,70.68000030517578
2024-07-11,95.86000061035156,48.9825553894043,32.70399856567383,101.7973861694336,165.7969970703125,71.63999938964844
2024-07-12,96.33999633789062,49.44707107543945,32.74100112915039,101.82565307617188,165.1900634765625,71.09500122070312
2024-07-15,96.33999633789062,48.916194915771484,32.49599838256836,101.9858627319336,166.20785522460938,71.75499725341797
2024-07-16,96.48500061035156,48.79295349121094,32.51900100708008,102.2968521118164,167.14161682128906,72.69999694824219
2024-07-17,95.4749984741211,48.58440017700195,32.09199905395508,102.32511901855469,167.44041442871094,72.52999877929688
2024-07-18,94.92500305175781,48.442203521728516,31.84000015258789,102.38587188720703,167.5897979736328,72.66999816894531
2024-07-19,94.37000274658203,48.09143829345703,31.54599952697754,102.0906753540039,165.98374938964844,71.0250015258789
2024-07-22,94.80999755859375,48.55595779418945,31.67300033569336,102.06210327148438,165.47952270507812,70.54499816894531
2024-07-23,95.70999908447266,48.64127731323242,31.738000869750977,102.16685485839844,166.45062255859375,71.23999786376953
2024-07-24,94.05000305175781,48.32844543457031,31.416000366210938,102.1287612915039,165.3394775390625,71.94000244140625
2024-07-25,93.55999755859375,48.00612258911133,31.204999923706055,102.36683654785156,165.99310302734375,70.01499938964844
2024-07-26,93.74500274658203,48.394798278808594,31.368999481201172,102.34778594970703,166.1051483154297,70.65499877929688
2024-07-29,93.91999816894531,48.262081146240234,31.3439998626709,102.65251159667969,167.51510620117188,70.55999755859375
2024-07-30,93.99500274658203,48.470645904541016,31.34600067138672,102.77629852294922,167.80458068847656,71.04000091552734
2024-07-31,95.38999938964844,48.868797302246094,31.976999282836914,103.06197357177734,169.149169921875,71.9800033569336
2024-08-01,94.45500183105469,48.1483268737793,31.68899917602539,103.395263671875,169.93353271484375,72.9800033569336
2024-08-02,90.66500091552734,46.99177932739258,30.575000762939453,103.81423950195312,170.92330932617188,71.43000030517578
2024-08-05,88.625,45.95372772216797,29.56100082397461,103.5857162475586,170.587158203125,70.45500183105469
2024-08-06,89.41500091552734,46.08645248413086,29.79599952697754,103.56666564941406,171.39952087402344,70.19499969482422
2024-08-07,90.66000366210938,46.79270553588867,30.447999954223633,103.10005950927734,169.07447814941406,70.45500183105469
2024-08-08,90.66000366210938,46.863800048828125,30.729999542236328,103.1762466430664,168.7849884033203,71.29000091552734
2024-08-09,91.0250015258789,47.15293884277344,30.825000762939453,103.31907653808594,170.06427001953125,71.48999786376953
2024-08-12,91.17500305175781,47.12449645996094,31.020000457763672,103.4619140625,170.2603302001953,72.25499725341797
2024-08-13,92.06999969482422,47.38993453979492,31.10300064086914,103.76663208007812,171.56759643554688,72.47000122070312
2024-08-14,92.30000305175781,47.626930236816406,30.926000595092773,103.82376861572266,171.6609649658203,71.3550033569336
2024-08-15,93.92500305175781,48.271568298339844,31.334999084472656,103.38573455810547,170.05490112304688,71.8949966430664
2024-08-16,94.03500366210938,48.35688018798828,31.584999084472656,103.490478515625,170.14828491210938,72.67500305175781
2024-08-19,94.30999755859375,48.669715881347656,31.76099967956543,103.490478515625,170.3910675048828,72.69999694824219
2024-08-20,94.0999984741211,48.423248291015625,31.43400001525879,103.76663208007812,171.32479858398438,72.77999877929688
2024-08-21,94.19000244140625,48.58440017700195,31.50200080871582,103.91899108886719,171.61427307128906,72.41000366210938
2024-08-22,94.34500122070312,48.755035400390625,31.280000686645508,103.64283752441406,170.5217742919922,71.7249984741211
2024-08-23,94.375,49.0109977722168,31.481000900268555,103.86185455322266,171.02601623535156,72.32499694824219
2024-08-26,94.30999755859375,49.00151443481445,31.260000228881836,103.68093872070312,170.47511291503906,72.38500213623047
2024-08-27,94.37000274658203,49.04891586303711,31.308000564575195,103.452392578125,168.85971069335938,72.4749984741211
2024-08-28,94.33999633789062,49.229034423828125,31.273000717163086,103.55714416503906,169.70008850097656,72.5
2024-08-29,95.40499877929688,49.646141052246094,31.545000076293945,103.48096466064453,168.8317108154297,73.16000366210938
2024-08-30,95.08000183105469,49.665103912353516,31.464000701904297,103.47144317626953,168.7849884033203,72.83499908447266
2024-09-02,95.66999816894531,49.665103912353516,31.458999633789062,103.21432495117188,167.90728759765625,72.63999938964844
2024-09-03,94.73500061035156,49.2100715637207,31.13599967956543,103.59523010253906,169.55068969726562,72.29000091552734
2024-09-04,93.62000274658203,48.7076416015625,30.975000381469727,103.92852020263672,171.15675354003906,72.34500122070312
2024-09-05,92.9749984741211,48.442203521728516,30.878000259399414,104.13801574707031,171.4648895263672,72.70500183105469
2024-09-06,91.82499694824219,47.920814514160156,30.437000274658203,104.27133178710938,172.11851501464844,72.86499786376953
2024-09-09,92.8550033569336,48.33791732788086,30.724000930786133,104.29037475585938,171.92242431640625,72.71499633789062
2024-09-10,93.02999877929688,48.04404830932617,30.641000747680664,104.47130584716797,172.29591369628906,73.41000366210938
2024-09-11,92.56999969482422,48.025081634521484,30.57900047302246,104.6236572265625,173.44444274902344,73.4000015258789
2024-09-12,94.29499816894531,48.442203521728516,30.950000762939453,104.3475112915039,172.35194396972656,74.41500091552734
2024-09-13,94.98500061035156,48.79295349121094,31.179000854492188,104.48082733154297,172.6134033203125,74.80000305175781
2024-09-16,94.58000183105469,48.717918395996094,31.09600067138672,104.6427001953125,173.50045776367188,74.61000061035156
2024-09-17,95.13999938964844,48.899696350097656,31.235000610351562,104.6141357421875,173.19232177734375,74.19000244140625
2024-09-18,94.65499877929688,48.66050720214844,31.101999282836914,104.25228881835938,171.4462127685547,74.4000015258789
2024-09-19,95.98500061035156,49.33980178833008,31.554000854492188,104.23323822021484,170.69921875,74.54000091552734
2024-09-20,95.375,48.593536376953125,31.54199981689453,104.18563079833984,170.29771423339844,75.43499755859375
2024-09-23,96.00499725341797,48.84229278564453,31.854000091552734,104.3189468383789,170.7645721435547,75.91999816894531
2024-09-24,96.04000091552734,49.12931442260742,32.59299850463867,104.65222930908203,171.67030334472656,76.2300033569336
2024-09-25,96.08000183105469,49.11018753051758,32.529998779296875,104.3379898071289,170.30703735351562,76.58999633789062
2024-09-26,96.31999969482422,49.71293640136719,33.361000061035156,104.39512634277344,170.93263244628906,76.83999633789062
2024-09-27,96.66500091552734,49.97126007080078,33.4109992980957,104.71888732910156,171.8197021484375,76.41000366210938
2024-09-30,96.36499786376953,49.473751068115234,33.08000183105469,104.73793029785156,171.83837890625,75.93000030517578
2024-10-01,96.55500030517578,49.253700256347656,33.215999603271484,105.28070831298828,174.62095642089844,77.42500305175781
2024-10-02,96.91999816894531,49.30152893066406,33.862998962402344,104.93789672851562,172.91220092773438,77.15499877929688
2024-10-03,96.69000244140625,48.84229278564453,33.66600036621094,104.7760238647461,171.9037628173828,77.42500305175781
2024-10-04,97.29000091552734,49.043209075927734,33.90999984741211,104.3855972290039,171.11940002441406,77.93499755859375
2024-10-07,97.58999633789062,49.16758728027344,34.19200134277344,104.29037475585938,170.28836059570312,77.62000274658203
2024-10-08,97.54000091552734,48.89012908935547,33.50600051879883,104.17610168457031,170.30703735351562,76.43499755859375
2024-10-09,98.25499725341797,49.20585632324219,33.47700119018555,104.12849426269531,170.20431518554688,76.74500274658203
2024-10-10,98.47000122070312,49.12931442260742,33.50899887084961,104.21419525146484,170.512451171875,77.125
2024-10-11,98.83000183105469,49.38764190673828,33.691001892089844,104.19514465332031,169.94287109375,78.04000091552734
2024-10-14,99.625,49.67466354370117,33.71699905395508,104.18563079833984,170.1949920654297,77.96499633789062
2024-10-15,99.38500213623047,49.28240203857422,33.20899963378906,104.5570068359375,171.6983184814453,78.51499938964844
2024-10-16,99.38500213623047,49.18672180175781,33.51599884033203,104.88076782226562,173.11761474609375,79.07499694824219
2024-10-17,100.23500061035156,49.58856201171875,33.49300003051758,104.80458068847656,172.27725219726562,79.90499877929688
2024-10-18,100.125,49.684234619140625,33.694000244140625,105.02360534667969,172.97755432128906,80.42500305175781
2024-10-21,99.71499633789062,49.33980178833008,33.349998474121094,104.47130584716797,169.82147216796875,80.90499877929688
2024-10-22,99.86000061035156,49.234561920166016,33.37900161743164,104.18563079833984,168.94375610351562,81.53500366210938
2024-10-23,99.49500274658203,49.0910530090332,33.33399963378906,104.29037475585938,169.01844787597656,81.01000213623047
2024-10-24,99.38999938964844,49.0910530090332,33.11000061035156,104.69032287597656,170.90463256835938,81.33499908447266
2024-10-25,99.7300033569336,49.119754791259766,33.191001892089844,104.5284423828125,169.76544189453125,81.41000366210938
2024-10-28,99.66000366210938,49.3206672668457,33.268001556396484,104.57605743408203,170.28836059570312,81.54000091552734
2024-10-29,99.7699966430664,48.99536895751953,33.23500061035156,104.29037475585938,169.16783142089844,82.37000274658203
2024-10-30,99.29000091552734,48.40218734741211,32.78200149536133,104.09992218017578,169.07447814941406,82.44499969482422
2024-10-31,97.55000305175781,47.87596893310547,32.534000396728516,103.89994812011719,169.25189208984375,81.16500091552734
2024-11-01,98.30999755859375,48.38304901123047,32.86600112915039,103.94757080078125,168.4768524169922,81.3550033569336
2024-11-04,97.4749984741211,48.19170379638672,32.875999450683594,104.06182861328125,169.6907501220703,80.83000183105469
2024-11-05,97.98999786376953,48.21083450317383,33.11399841308594,103.95708465576172,169.037109375,80.625
2024-11-06,100.98999786376953,47.99078369140625,33.207000732421875,103.98564910888672,167.98199462890625,80.01000213623047
2024-11-07,101.6500015258789,48.306514739990234,33.71500015258789,103.76663208007812,166.7681121826172,80.26499938964844
2024-11-08,102.3499984741211,47.99078369140625,33.15399932861328,104.06182861328125,169.30792236328125,80.50499725341797
2024-11-11,103.49500274658203,48.516990661621094,33.172000885009766,104.5474853515625,170.62449645996094,78.98500061035156
2024-11-12,103.11499786376953,47.53153991699219,32.6870002746582,104.28085327148438,170.17630004882812,78.83000183105469
2024-11-13,103.48500061035156,47.54110336303711,32.60499954223633,104.27133178710938,169.87750244140625,78.76000213623047
2024-11-14,103.42500305175781,48.07688522338867,32.53799819946289,104.74745178222656,171.15414428710938,78.31500244140625
2024-11-15,102.13999938964844,47.6463508605957,32.50699996948242,104.5284423828125,171.3154754638672,78.16500091552734
2024-11-18,102.40499877929688,47.67505645751953,32.69200134277344,104.35702514648438,170.9264373779297,79.41500091552734
2024-11-19,102.27999877929688,47.483699798583984,32.7599983215332,104.57605743408203,171.5906524658203,79.73999786376953
2024-11-20,102.36000061035156,47.42629623413086,32.724998474121094,104.3665542602539,171.42935180664062,81.00499725341797
2024-11-21,103.74500274658203,47.65113067626953,32.84000015258789,104.58557891845703,171.5906524658203,81.70500183105469
2024-11-22,104.87999725341797,48.22997283935547,33.12200164794922,104.93789672851562,172.5015869140625,83.51000213623047
2024-11-25,104.68499755859375,48.22040557861328,32.98899841308594,105.15692138671875,173.87753295898438,80.90499877929688
2024-11-26,104.80500030517578,47.952510833740234,32.90999984741211,105.19501495361328,174.0767822265625,80.63500213623047
2024-11-27,103.93499755859375,47.88554000854492,32.62099838256836,105.38545989990234,175.2724151611328,80.31999969482422
2024-11-28,104.43499755859375,48.1055908203125,32.52000045776367,105.69017791748047,176.88555908203125,80.48999786376953
2024-11-29,104.83000183105469,48.37348175048828,32.7859992980957,106.08060455322266,177.78701782226562,81.08000183105469
2024-12-02,105.69999694824219,48.69878005981445,33.025001525878906,106.34722900390625,178.42276000976562,80.94499969482422
2024-12-03,105.62999725341797,48.88056182861328,33.08399963378906,106.26152801513672,178.5935821533203,80.88999938964844
2024-12-04,105.95500183105469,49.0910530090332,33.15299987792969,106.27105712890625,178.85928344726562,80.99500274658203
2024-12-05,105.86499786376953,49.263267517089844,33.24800109863281,106.25201416015625,179.26730346679688,80.26000213623047
2024-12-06,105.88999938964844,49.368507385253906,33.20399856567383,106.28057861328125,178.94467163085938,80.33000183105469
2024-12-09,105.55000305175781,49.42591857910156,33.85200119018555,106.31866455078125,178.97314453125,81.05999755859375
2024-12-10,105.70999908447266,49.14845275878906,33.48500061035156,106.39484405517578,178.70745849609375,82.30000305175781
2024-12-11,106.34500122070312,49.2728271484375,33.625999450683594,106.24249267578125,177.5687713623047,83.12000274658203
2024-12-12,106.1449966430664,49.18672180175781,33.57899856567383,105.82349395751953,175.60452270507812,82.08499908447266
2024-12-13,105.63500213623047,48.957096099853516,33.479000091552734,105.48068237304688,174.2001495361328,81.50499725341797
2024-12-16,105.7750015258789,48.937923431396484,33.340999603271484,105.4426040649414,173.89649963378906,81.0999984741211
2024-12-17,105.48999786376953,48.745853424072266,33.18899917602539,105.49020385742188,174.41839599609375,80.7750015258789
2024-12-18,105.68499755859375,48.784271240234375,33.262001037597656,105.33785247802734,173.9154815673828,80.9800033569336
2024-12-19,104.0199966430664,48.12165451049805,33.124000549316406,105.00455474853516,172.20742797851562,80.31500244140625
2024-12-20,104.16999816894531,47.74712371826172,33.01300048828125,105.09979248046875,172.7388458251953,80.98500061035156
2024-12-23,103.9749984741211,47.7855339050293,33.040000915527344,104.92838287353516,171.6001434326172,80.69999694824219
2024-12-24,104.86000061035156,47.7855339050293,33.25,105.05217742919922,171.45782470703125,80.69999694824219
2024-12-27,104.48999786376953,48.17927169799805,32.94900131225586,104.7950668334961,170.0913848876953,80.7300033569336
2024-12-30,103.93499755859375,47.98240280151367,32.76900100708008,104.8141098022461,170.72715759277344,80.61000061035156
2024-12-31,104.16000366210938,47.98240280151367,32.83599853515625,105.02360534667969,170.96438598632812,80.61000061035156
2025-01-02,105.30000305175781,48.630619049072266,33.23400115966797,104.66175079345703,170.07240295410156,83.30999755859375
2025-01-03,105.08999633789062,48.275306701660156,33.23699951171875,104.35702514648438,168.5921173095703,82.50499725341797
2025-01-06,105.7750015258789,48.8322868347168,33.191001892089844,104.30941772460938,169.04759216308594,81.59500122070312
2025-01-07,105.05000305175781,48.87070083618164,33.08000183105469,104.06182861328125,167.55780029296875,82.24500274658203
2025-01-08,105.08000183105469,48.81308364868164,32.948001861572266,103.87138366699219,166.17239379882812,83.16999816894531
2025-01-09,105.1500015258789,49.00514221191406,32.95000076293945,103.72854614257812,165.70745849609375,83.37000274658203
2025-01-10,104.13999938964844,48.56340026855469,32.53499984741211,103.490478515625,164.93882751464844,84.5999984741211
2025-01-13,103.97000122070312,48.294517517089844,32.29199981689453,103.30003356933594,164.15122985839844,83.98500061035156
2025-01-14,103.83000183105469,48.26569747924805,32.43899917602539,103.23338317871094,163.47750854492188,83.53500366210938
2025-01-15,105.45999908447266,48.88990783691406,32.82699966430664,103.86185455322266,166.31475830078125,83.96499633789062
2025-01-16,105.7699966430664,49.38927459716797,32.869998931884766,104.0613784790039,166.25782775878906,84.91000366210938
2025-01-17,106.71499633789062,49.7061767578125,33.154998779296875,104.1480712890625,167.05490112304688,84.82499694824219
2025-01-20,106.18000030517578,49.715782165527344,33.21099853515625,104.20587158203125,167.4249725341797,83.74500274658203
2025-01-21,106.26000213623047,49.946258544921875,32.888999938964844,104.31184387207031,168.05125427246094,84.69999694824219
2025-01-22,107.19000244140625,50.13832473754883,32.88600158691406,104.39854431152344,168.041748046875,85.15499877929688
2025-01-23,107.33000183105469,50.34959411621094,32.99100112915039,104.1480712890625,167.33956909179688,85.01000213623047
2025-01-24,106.86000061035156,50.339988708496094,32.92399978637695,104.00357055664062,166.81765747070312,84.94999694824219
2025-01-27,105.1050033569336,50.34959411621094,32.257999420166016,104.19624328613281,167.54832458496094,83.95999908447266
2025-01-28,106.48500061035156,50.50324249267578,32.41699981689453,104.09990692138672,167.00743103027344,84.9749984741211
2025-01-29,106.81999969482422,50.80094528198242,32.89400100708008,104.09990692138672,166.4950408935547,84.97000122070312
2025-01-30,107.08000183105469,51.233089447021484,33.29800033569336,104.43708801269531,167.68116760253906,86.11000061035156
2025-01-31,108.18000030517578,51.29071044921875,33.39799880981445,104.75498962402344,168.5541534423828,86.84500122070312
2025-02-03,107.24500274658203,50.877769470214844,33.25899887084961,105.25592803955078,170.9359130859375,88.08000183105469
2025-02-04,107.20500183105469,50.97380447387695,33.49700164794922,105.29447174072266,170.9264373779297,88.05000305175781
2025-02-05,106.91500091552734,51.21388626098633,33.25699996948242,105.54493713378906,172.31182861328125,88.6050033569336
2025-02-06,108.125,51.79967498779297,33.49700164794922,105.54493713378906,172.23590087890625,88.36499786376953
2025-02-07,107.91999816894531,51.59800720214844,33.654998779296875,105.5738296508789,171.64759826660156,89.12999725341797
2025-02-10,108.51499938964844,51.93412399291992,33.97700119018555,105.54493713378906,171.9227752685547,90.5250015258789
2025-02-11,108.2750015258789,52.04936599731445,33.821998596191406,105.1788558959961,169.95852661132812,90.27999877929688
2025-02-12,107.55999755859375,52.06856918334961,33.7400016784668,104.80315399169922,168.82933044433594,89.77999877929688
2025-02-13,108.125,52.68317413330078,33.79899978637695,105.27519226074219,170.73663330078125,89.82499694824219
2025-02-14,107.875,52.55833053588867,33.733001708984375,105.2270278930664,170.6607208251953,88.5250015258789
2025-02-17,108.41000366210938,52.8464241027832,34.06700134277344,104.92839050292969,169.04759216308594,88.91999816894531
2025-02-18,108.44999694824219,53.00968551635742,34.24399948120117,104.851318359375,169.20892333984375,90.0250015258789
2025-02-19,108.81999969482422,52.51031494140625,34.297000885009766,104.57195281982422,167.3775177001953,90.36000061035156
2025-02-20,107.77999877929688,52.443092346191406,34.34700012207031,104.63938903808594,167.4818878173828,90.42500305175781
2025-02-21,107.82499694824219,52.7311897277832,34.62900161743164,105.04399108886719,169.1709442138672,90.36499786376953
2025-02-24,106.62999725341797,52.68317413330078,33.900001525878906,105.03435516357422,168.80087280273438,90.3550033569336
2025-02-25,105.0,52.7311897277832,33.665000915527344,105.1884994506836,169.4366455078125,88.69000244140625
2025-02-26,106.38500213623047,53.278568267822266,34.165000915527344,105.33299255371094,170.186279296875,89.11000061035156
2025-02-27,106.57499694824219,53.05769729614258,33.97100067138672,105.3233642578125,170.21473693847656,88.75
2025-02-28,105.44499969482422,53.076904296875,33.14899826049805,105.51603698730469,170.30015563964844,88.04000091552734
2025-03-03,105.75,53.65309524536133,33.08700180053711,104.99581909179688,167.8140106201172,88.54000091552734
2025-03-04,102.20999908447266,52.481502532958984,32.55400085449219,105.08252716064453,167.04539489746094,88.86000061035156
2025-03-05,100.74500274658203,52.94246292114258,32.66899871826172,103.45446014404297,161.17166137695312,87.4800033569336
2025-03-06,101.04499816894531,52.904048919677734,32.856998443603516,102.8860855102539,159.4826202392578,86.55999755859375
2025-03-07,99.16999816894531,52.740787506103516,32.56100082397461,103.24252319335938,159.99502563476562,86.41999816894531
2025-03-10,98.43000030517578,52.04936599731445,32.16299819946289,103.31958770751953,159.87167358398438,86.1050033569336
2025-03-11,96.38999938964844,51.14665985107422,31.889999389648438,103.04021453857422,158.39137268066406,85.80000305175781
2025-03-12,97.3949966430664,51.63642883300781,32.176998138427734,103.0016860961914,158.85633850097656,86.53500366210938
2025-03-13,96.7249984741211,51.51157760620117,32.16899871826172,102.97278594970703,158.67605590820312,88.25
2025-03-14,97.81500244140625,52.1453971862793,32.625,103.03058624267578,158.24903869628906,88.28500366210938
2025-03-17,98.25,52.56693649291992,33.00199890136719,103.33885192871094,160.7161865234375,88.19000244140625
2025-03-18,97.86499786376953,52.846195220947266,32.992000579833984,103.4255599975586,159.94757080078125,89.2249984741211
2025-03-19,98.86499786376953,52.94248580932617,33.15299987792969,103.49298858642578,160.8395538330078,89.7249984741211
2025-03-20,99.18499755859375,52.70174789428711,32.97999954223633,103.52188873291016,160.80162048339844,89.99500274658203
2025-03-21,98.9800033569336,52.374351501464844,32.99599838256836,103.61822509765625,160.6592559814453,89.6050033569336
2025-03-24,100.68499755859375,52.34546661376953,33.222999572753906,103.57969665527344,160.52639770507812,89.66500091552734
2025-03-25,100.83999633789062,52.71138381958008,33.12900161743164,103.50263214111328,160.184814453125,89.94499969482422
2025-03-26,100.3499984741211,52.374351501464844,33.055999755859375,103.5411605834961,160.08042907714844,89.94000244140625
2025-03-27,99.94499969482422,52.133609771728516,33.20000076293945,103.67603302001953,160.21327209472656,90.94499969482422
2025-03-28,97.82499694824219,51.7580680847168,32.41999816894531,103.87834167480469,161.0198516845703,91.59500122070312
2025-03-31,97.125,50.978084564208984,32.23699951171875,103.84944152832031,161.12423706054688,92.83499908447266
2025-04-01,98.37999725341797,51.49807357788086,32.5890007019043,104.1673355102539,162.75636291503906,93.08499908447266
2025-04-02,98.31500244140625,51.2765998840332,32.41299819946289,104.0613784790039,161.64613342285156,92.65499877929688
2025-04-03,93.5199966430664,49.90922546386719,31.35099983215332,104.22514343261719,162.42422485351562,90.37000274658203
2025-04-04,89.11499786376953,47.28520965576172,29.714000701904297,104.20587158203125,163.7052459716797,88.44000244140625
2025-04-07,86.5,45.340065002441406,28.770999908447266,104.07100677490234,161.88336181640625,87.91000366210938
2025-04-08,89.44999694824219,46.65447998046875,29.163000106811523,104.1673355102539,161.5512237548828,88.66999816894531
2025-04-09,85.32499694824219,44.89229965209961,27.9950008392334,104.22514343261719,161.75999450683594,89.76000213623047
2025-04-10,88.70500183105469,46.63040542602539,29.04599952697754,104.68755340576172,163.58189392089844,91.0999984741211
2025-04-11,87.80500030517578,46.62559127807617,29.14900016784668,104.45634460449219,164.35049438476562,91.76000213623047
2025-04-14,90.33999633789062,47.882225036621094,29.827999114990234,104.93802642822266,165.91619873046875,90.68000030517578
2025-04-15,91.2300033569336,48.71517562866211,30.094999313354492,104.95729064941406,164.8059844970703,91.73999786376953
2025-04-16,90.125,48.58999252319336,29.763999938964844,105.1981201171875,165.327880859375,93.87000274658203
2025-04-17,89.2699966430664,48.445552825927734,29.916000366210938,105.36190032958984,165.8877410888672,93.13500213623047
2025-04-22,88.52999877929688,48.77294921875,29.90399932861328,105.5738296508789,166.73226928710938,95.80000305175781
2025-04-23,91.25499725341797,49.62997055053711,30.586999893188477,105.3233642578125,165.8402862548828,92.62000274658203
2025-04-24,91.91500091552734,49.832183837890625,30.756999969482422,105.74724578857422,167.472412109375,94.1500015258789
2025-04-25,92.41000366210938,50.01514434814453,30.625,105.54493713378906,166.6468505859375,92.6500015258789
2025-04-28,92.55500030517578,50.23661804199219,30.66699981689453,105.38116455078125,165.67898559570312,93.95500183105469
2025-04-29,92.98999786376953,50.46772384643555,30.836000442504883,105.39080047607422,165.76438903808594,93.37999725341797
2025-04-30,93.33000183105469,50.727718353271484,30.94499969482422,105.66053771972656,167.13079833984375,93.80000305175781
2025-05-02,95.61499786376953,51.613624572753906,31.90399932861328,105.27519226074219,165.1475830078125,91.87000274658203
2025-05-05,95.75499725341797,51.80621337890625,32.3650016784668,105.27519226074219,165.109619140625,94.1050033569336
2025-05-06,95.29000091552734,51.642513275146484,32.154998779296875,105.207763671875,164.53077697753906,96.31999969482422
2025-05-07,94.79499816894531,51.411407470703125,31.73900032043457,105.67018127441406,166.30523681640625,95.97000122070312
2025-05-08,96.3550033569336,51.65214157104492,31.961000442504883,105.38116455078125,165.21400451660156,95.38500213623047
2025-05-09,96.28500366210938,51.90250778198242,32.145999908447266,105.207763671875,164.5023193359375,95.36499786376953
2025-05-12,99.44999694824219,52.6054573059082,33.23899841308594,104.78388977050781,163.16436767578125,93.66500091552734
2025-05-13,100.11000061035156,52.653602600097656,33.1609992980957,104.66828155517578,162.18699645996094,93.48500061035156
2025-05-14,99.83000183105469,52.52841567993164,33.388999938964844,104.55268096923828,162.01620483398438,91.33999633789062
2025-05-15,100.21499633789062,52.87507629394531,33.26499938964844,104.96692657470703,163.92660522460938,92.47000122070312
2025-05-16,100.94499969482422,53.12543869018555,33.323001861572266,105.2270278930664,164.70816040039062,91.73500061035156
2025-05-19,100.3550033569336,53.27951431274414,33.104000091552734,105.28482818603516,164.80465698242188,92.3949966430664
2025-05-20,100.58000183105469,53.703208923339844,33.04199981689453,105.14032745361328,163.84939575195312,93.62999725341797
2025-05-21,99.83499908447266,53.66469192504883,33.0369987487793,104.98619079589844,162.73011779785156,93.90499877929688
2025-05-22,99.03500366210938,53.346923828125,32.84400177001953,104.94766235351562,162.1897735595703,93.80999755859375
2025-05-23,97.99500274658203,52.85581970214844,32.74599838256836,105.10179138183594,163.42483520507812,95.22000122070312
2025-05-26,98.88999938964844,53.46247482299805,32.80400085449219,105.37152862548828,164.5055389404297,94.31999969482422
2025-05-27,99.62999725341797,53.578025817871094,32.73400115966797,105.564208984375,165.81781005859375,93.48999786376953
2025-05-28,99.76000213623047,53.202476501464844,32.75199890136719,105.51603698730469,165.57656860351562,93.9000015258789
2025-05-29,99.2699966430664,53.154335021972656,32.68899917602539,105.7761459350586,166.5221710205078,93.81500244140625
2025-05-30,99.2750015258789,53.27951431274414,32.36199951171875,105.80504608154297,166.9660186767578,93.25
2025-06-02,98.80000305175781,53.154335021972656,32.275001525878906,105.72797393798828,166.2423553466797,94.9000015258789
2025-06-03,100.05999755859375,53.2506217956543,32.60100173950195,105.84357452392578,166.61865234375,94.73999786376953
2025-06-04,100.05999755859375,53.49135971069336,32.87099838256836,105.83393859863281,166.41604614257812,94.98999786376953
2025-06-05,100.1449966430664,53.56839370727539,33.11000061035156,105.39080047607422,165.53797912597656,94.30999755859375
2025-06-06,100.52999877929688,53.741729736328125,33.17399978637695,105.5738296508789,166.65725708007812,94.11000061035156
2025-06-09,100.45999908447266,53.674320220947266,33.46699905395508,105.55457305908203,166.32919311523438,93.75499725341797
2025-06-10,100.51499938964844,53.693580627441406,33.5359992980957,105.80504608154297,167.40023803710938,93.7249984741211
2025-06-11,100.44000244140625,53.55876159667969,33.733001708984375,105.74724578857422,166.66690063476562,93.50499725341797
2025-06-12,99.57499694824219,53.37580871582031,33.40299987792969,106.11331176757812,168.15284729003906,94.15499877929688
2025-06-13,99.24500274658203,52.87507629394531,33.02799987792969,105.67018127441406,166.41604614257812,95.16999816894531
2025-06-16,99.5999984741211,53.10314178466797,33.38999938964844,105.68944549560547,166.599365234375,94.53500366210938
2025-06-17,99.36499786376953,52.63578414916992,33.16600036621094,105.67018127441406,166.55113220214844,94.30500030517578
2025-06-18,99.33499908447266,52.43131637573242,33.08000183105469,105.97843933105469,167.4677734375,94.58000183105469
2025-06-19,98.55000305175781,52.00291061401367,32.694000244140625,105.72797393798828,166.54148864746094,94.4749984741211
2025-06-20,98.82499694824219,52.119747161865234,32.840999603271484,105.6509017944336,166.6862030029297,93.97000122070312
2025-06-23,98.63500213623047,51.925018310546875,32.819000244140625,105.86283874511719,167.1590118408203,94.33999633789062
2025-06-24,99.55500030517578,52.50920867919922,33.56700134277344,105.78577423095703,166.4449920654297,91.69999694824219
2025-06-25,99.45500183105469,52.119747161865234,33.63199996948242,105.6990737915039,165.75025939941406,91.9800033569336
2025-06-26,99.5250015258789,52.148956298828125,33.63199996948242,105.74724578857422,165.47044372558594,91.26000213623047
2025-06-27,100.36499786376953,52.80130386352539,33.599998474121094,105.6990737915039,165.54763793945312,89.84500122070312
2025-06-30,100.1449966430664,52.518943786621094,33.444000244140625,105.62200927734375,165.287109375,90.01499938964844
2025-07-01,99.99500274658203,52.42158126831055,33.5369987487793,105.82430267333984,166.27130126953125,91.25
2025-07-02,100.19999694824219,52.528682708740234,33.57400131225586,105.54493713378906,164.69851684570312,91.19999694824219
2025-07-03,101.25,52.8499870300293,33.9010009765625,105.88211059570312,166.0300750732422,91.01000213623047
2025-07-04,100.55000305175781,52.57736587524414,33.553001403808594,105.9110107421875,165.80813598632812,90.97000122070312
2025-07-07,100.8550033569336,52.83051300048828,33.650001525878906,105.67018127441406,164.659912109375,91.0250015258789
2025-07-08,100.83999633789062,53.06419372558594,33.72999954223633,105.47750091552734,163.66607666015625,90.56500244140625
2025-07-09,101.24500274658203,53.47312545776367,33.678001403808594,105.52566528320312,163.7239532470703,90.8949966430664
2025-07-10,101.93499755859375,53.7554817199707,33.858001708984375,105.38116455078125,162.86520385742188,91.4800033569336
2025-07-11,101.29499816894531,53.161556243896484,33.742000579833984,105.24629211425781,162.25732421875,92.38500213623047
2025-07-14,101.44999694824219,53.15182113647461,33.834999084472656,105.16922760009766,161.63978576660156,92.12000274658203
2025-07-15,102.04000091552734,52.927886962890625,34.27000045776367,105.21739959716797,162.18014526367188,92.25499725341797
2025-07-16,100.61000061035156,52.528682708740234,34.06399917602539,105.33299255371094,162.27662658691406,92.62000274658203
2025-07-17,102.53500366210938,53.142086029052734,34.66699981689453,105.52269744873047,162.90380859375,92.48999786376953
2025-07-18,102.18499755859375,53.142086029052734,34.58000183105469,105.3959732055664,162.3731231689453,92.4800033569336
2025-07-21,102.30999755859375,53.11287307739258,34.61600112915039,105.95161437988281,164.621337890625,93.32499694824219
2025-07-22,101.62999725341797,52.88893508911133,34.35900115966797,106.04908752441406,165.26780700683594,93.81500244140625
2025-07-23,102.48500061035156,53.4633903503418,34.685001373291016,106.0685806274414,164.85292053222656,93.55500030517578
2025-07-24,102.71499633789062,53.57049560546875,34.48099899291992,105.55194091796875,163.15467834472656,92.1500015258789
2025-07-25,102.93000030517578,53.4633903503418,34.37699890136719,105.34722900390625,162.8362579345703,91.30999755859375
2025-07-28,103.80500030517578,53.375762939453125,34.61899948120117,105.62017822265625,163.4634552001953,91.75
2025-07-29,104.23500061035156,53.50233840942383,34.83700180053711,105.65916442871094,163.8397674560547,92.6500015258789
2025-07-30,104.69499969482422,53.50233840942383,34.854000091552734,105.42521667480469,163.28012084960938,92.21499633789062
2025-07-31,104.93499755859375,53.10314178466797,34.7859992980957,105.59092712402344,164.19677734375,92.66999816894531
2025-08-01,101.83000183105469,51.82765579223633,34.053001403808594,105.72740173339844,163.61782836914062,93.23999786376953
2025-08-04,103.04499816894531,52.54815673828125,34.3390007019043,105.9906005859375,165.1520233154297,93.81999969482422
2025-08-05,102.80000305175781,52.587100982666016,34.470001220703125,106.04908752441406,165.31605529785156,93.96499633789062
2025-08-06,103.0199966430664,52.62604522705078,34.32400131225586,105.95161437988281,164.60202026367188,93.23500061035156
2025-08-07,103.24500274658203,53.12261199951172,34.69200134277344,106.08808898925781,165.05552673339844,93.62000274658203
2025-08-08,103.53500366210938,53.22970962524414,34.56800079345703,105.73715209960938,163.80116271972656,93.54000091552734
2025-08-11,104.16000366210938,53.1810302734375,34.736000061035156,105.66891479492188,163.2125701904297,92.9000015258789
2025-08-12,104.18499755859375,53.28813171386719,34.808998107910156,105.44470977783203,161.84242248535156,92.2699966430664
2025-08-13,104.30999755859375,53.57049560546875,35.12699890136719,105.87362670898438,163.6274871826172,92.08000183105469
2025-08-14,104.86000061035156,53.95995330810547,34.88100051879883,105.67867279052734,162.87486267089844,92.2750015258789
2025-08-15,104.57499694824219,53.950218200683594,34.80799865722656,105.2302474975586,160.6073455810547,91.80500030517578
2025-08-18,104.75,53.95995330810547,35.08300018310547,105.28874206542969,160.54945373535156,91.87000274658203
2025-08-19,104.73500061035156,54.32020950317383,34.979000091552734,105.44470977783203,160.94505310058594,91.66500091552734
2025-08-20,104.1500015258789,54.446781158447266,34.792999267578125,105.59092712402344,161.7169952392578,92.13500213623047
2025-08-21,104.55000305175781,54.46625518798828,34.98400115966797,105.26924896240234,160.63629150390625,92.54000091552734
2025-08-22,105.1050033569336,54.680458068847656,35.27000045776367,105.54219055175781,161.5819091796875,92.62999725341797
2025-08-25,105.00499725341797,54.388362884521484,35.37699890136719,105.249755859375,160.26963806152344,92.88500213623047
2025-08-26,104.79000091552734,53.979427337646484,35.24599838256836,105.3667221069336,160.4336700439453,93.3949966430664
2025-08-27,105.625,54.028114318847656,35.077999114990234,105.41546630859375,160.21173095703125,93.83000183105469
2025-08-28,105.32499694824219,53.950218200683594,35.05099868774414,105.57144165039062,160.79067993164062,93.9000015258789
2025-08-29,104.58999633789062,53.589969635009766,34.79600143432617,105.42521667480469,160.095947265625,94.66000366210938
2025-09-01,104.83000183105469,53.73601150512695,34.84000015258789,105.2594985961914,159.30474853515625,95.5199966430664
2025-09-02,103.69000244140625,52.85972595214844,34.79899978637695,104.9865493774414,157.83810424804688,96.92500305175781
2025-09-03,104.375,53.23945236206055,34.99300003051758,105.2302474975586,159.25648498535156,98.16999816894531
2025-09-04,105.2699966430664,53.551021575927734,34.89500045776367,105.49345397949219,160.33717346191406,97.9800033569336
2025-09-05,104.5250015258789,53.5120735168457,35.04899978637695,105.73715209960938,161.19593811035156,98.29000091552734
2025-09-08,105.19999694824219,53.7554817199707,35.34700012207031,105.95161437988281,162.2669677734375,99.54000091552734
2025-09-09,105.19000244140625,53.784698486328125,35.64799880981445,105.88337707519531,161.8134765625,99.75499725341797
2025-09-10,105.7750015258789,53.765228271484375,36.000999450683594,105.91261291503906,162.18014526367188,100.04000091552734
2025-09-11,106.44499969482422,54.08652877807617,36.27000045776367,105.97110748291016,163.02923583984375,99.5999984741211
2025-09-12,106.48999786376953,54.028114318847656,36.316001892089844,105.70791625976562,161.80381774902344,100.06999969482422
2025-09-15,106.63500213623047,54.28474807739258,36.43600082397461,105.79563903808594,162.24766540527344,100.25
2025-09-16,105.73999786376953,53.65547561645508,36.35100173950195,105.76639556884766,162.479248046875,99.99500274658203
2025-09-17,105.65499877929688,53.64564514160156,36.6619987487793,105.89311981201172,163.22222900390625,100.08000183105469
2025-09-18,106.80999755859375,54.06843948364258,36.720001220703125,105.69815826416016,161.6783905029297,99.36000061035156
2025-09-19,106.92500305175781,53.99960708618164,36.75,105.62992858886719,160.94505310058594,100.56999969482422
2025-09-22,107.17500305175781,53.881622314453125,36.72100067138672,105.6006851196289,160.5108642578125,101.97000122070312
2025-09-23,107.24500274658203,54.04877471923828,36.904998779296875,105.58118438720703,160.69418334960938,103.12999725341797
2025-09-24,107.11000061035156,53.930782318115234,36.849998474121094,105.55194091796875,160.72314453125,102.66000366210938
2025-09-25,106.9749984741211,53.57681655883789,36.79999923706055,105.40571594238281,160.49156188964844,102.86000061035156
2025-09-26,107.05000305175781,54.029109954833984,36.474998474121094,105.57144165039062,161.0319061279297,103.87000274658203
2025-09-29,107.37000274658203,54.1274299621582,36.79499816894531,105.69815826416016,162.2669677734375,104.91999816894531
2025-09-30,107.22000122070312,54.35357666015625,36.83100128173828,105.7176513671875,162.2669677734375,105.18000030517578
2025-10-01,108.0199966430664,55.012351989746094,37.152000427246094,105.82488250732422,162.00645446777344,105.94000244140625
2025-10-02,108.4000015258789,55.31715393066406,37.387001037597656,105.94185638427734,162.5371551513672,105.30000305175781
2025-10-03,108.86499786376953,55.58262634277344,37.49399948120117,105.97110748291016,162.73977661132812,106.44000244140625
2025-10-06,109.23999786376953,55.562965393066406,37.69300079345703,105.76639556884766,161.8134765625,108.58999633789062
2025-10-07,109.06500244140625,55.494136810302734,37.70600128173828,105.82488250732422,161.5143585205078,109.77999877929688
2025-10-08,109.99500274658203,55.92676544189453,37.96900177001953,106.03934478759766,163.00994873046875,112.0
2025-10-09,110.03500366210938,55.68095779418945,37.88999938964844,105.90287017822266,162.4888916015625,111.61000061035156
2025-10-10,107.91500091552734,54.94352340698242,36.737998962402344,106.29279327392578,164.04237365722656,111.16999816894531
2025-10-13,108.75499725341797,55.25815963745117,37.59600067138672,106.23430633544922,164.1002960205078,113.86000061035156
2025-10-14,108.20999908447266,55.05168151855469,37.1349983215332,106.59498596191406,165.1616668701172,114.83999633789062
2025-10-15,108.93000030517578,55.33681869506836,37.65800094604492,106.82892608642578,166.90814208984375,115.69000244140625
2025-10-16,108.75,55.779273986816406,37.9109992980957,106.8191909790039,166.43533325195312,117.62999725341797
2025-10-17,107.66999816894531,55.19916534423828,37.52899932861328,106.78994750976562,165.95289611816406,117.20999908447266
2025-10-20,109.50499725341797,55.779273986816406,38.263999938964844,106.82892608642578,165.97216796875,119.88999938964844
2025-10-21,109.94499969482422,55.92676544189453,38.125999450683594,106.96540832519531,167.1590118408203,114.30999755859375
2025-10-22,109.32499694824219,55.79894256591797,38.01900100708008,106.87767791748047,166.6958465576172,111.63999938964844
2025-10-23,109.75,55.9955940246582,38.266998291015625,106.78018951416016,166.17481994628906,114.69999694824219
2025-10-24,110.58499908447266,55.9955940246582,38.266998291015625,106.4773178100586,166.17481994628906,114.69999694824219
2025-10-27,111.36000061035156,56.28073501586914,38.79100036621094,106.63397216796875,165.46078491210938,110.19999694824219
2025-10-28,111.56999969482422,56.162742614746094,38.66299819946289,106.70220947265625,165.3643035888672,109.05000305175781
2025-10-29,111.75,56.11357879638672,39.0890007019043,106.67296600341797,165.711669921875,110.18000030517578
2025-10-30,111.91500091552734,56.05458450317383,38.94200134277344,106.6827163696289,165.70201110839844,111.16000366210938
2025-10-31,111.78500366210938,55.818607330322266,38.834999084472656,106.63397216796875,165.25816345214844,111.0999984741211
2025-11-03,111.94999694824219,55.848106384277344,39.2140007019043,106.46826171875,164.84324645996094,111.5999984741211
2025-11-04,111.55000305175781,55.6907844543457,38.87200164794922,106.55598449707031,164.93008422851562,111.1500015258789
2025-11-05,111.73999786376953,55.79894256591797,38.91400146484375,106.40977478027344,164.46693420410156,111.51000213623047
2025-11-06,110.22000122070312,55.385982513427734,38.439998626708984,106.46826171875,164.7757110595703,110.8499984741211
2025-11-07,108.76499938964844,55.1008415222168,37.84299850463867,106.31228637695312,164.0616912841797,111.66999816894531
2025-11-10,110.93499755859375,55.9071044921875,38.7760009765625,106.49749755859375,164.640625,114.0
2025-11-11,111.33999633789062,56.63469314575195,38.775001525878906,106.53649139404297,164.95904541015625,114.02999877929688
2025-11-12,111.95999908447266,57.05748748779297,38.891998291015625,106.66321563720703,165.75025939941406,116.33000183105469
2025-11-13,110.51499938964844,56.67402648925781,38.55500030517578,106.40001678466797,164.76922607421875,116.11000061035156
2025-11-14,110.19999694824219,56.133243560791016,38.7400016784668,106.22455596923828,163.65975952148438,113.41999816894531
2025-11-17,109.75,55.82843780517578,38.35599899291992,106.17581176757812,163.81686401367188,112.8499984741211
2025-11-18,108.28500366210938,54.85503005981445,37.99700164794922,106.21481323242188,163.44375610351562,112.73999786376953
2025-11-19,108.58000183105469,54.805870056152344,37.8489990234375,106.24404907226562,163.4241180419922,113.5999984741211
2025-11-20,109.23500061035156,55.00251770019531,37.90700149536133,106.17581176757812,162.86448669433594,113.30000305175781
2025-11-21,108.1050033569336,54.86486053466797,37.23099899291992,106.30254364013672,163.02157592773438,113.87000274658203
2025-11-24,109.53500366210938,54.933692932128906,37.67499923706055,106.331787109375,163.4732208251953,114.33999633789062
2025-11-25,109.82499694824219,55.395816802978516,37.676998138427734,106.60472869873047,164.40594482421875,115.11000061035156
2025-11-26,111.06999969482422,56.05458450317383,37.95899963378906,106.55598449707031,164.67103576660156,115.41999816894531
2025-11-27,110.99500274658203,56.09391403198242,37.89799880981445,106.52674102783203,164.2881317138672,115.18000030517578
2025-11-28,111.4000015258789,56.28073501586914,38.0620002746582,106.4780044555664,164.1212158203125,116.69999694824219
2025-12-01,110.97000122070312,56.09391403198242,37.970001220703125,106.17581176757812,162.6484832763672,117.12999725341797
2025-12-02,110.98999786376953,56.162742614746094,37.85300064086914,106.2050552368164,162.58958435058594,115.91999816894531
2025-12-03,111.03500366210938,56.2512321472168,37.74599838256836,106.2732925415039,162.81539916992188,116.45999908447266
2025-12-04,111.27999877929688,56.487213134765625,37.858001708984375,106.15631866455078,162.19683837890625,116.27999877929688
2025-12-05,111.69499969482422,56.51670837402344,38.18000030517578,106.01984405517578,161.73538208007812,116.4800033569336
2025-12-08,111.51499938964844,56.42821502685547,38.02299880981445,105.66891479492188,160.71429443359375,116.02999877929688
2025-12-09,111.63500213623047,56.36922073364258,38.00299835205078,105.68840789794922,161.08740234375,116.41999816894531
2025-12-10,111.38500213623047,56.398719787597656,38.060001373291016,105.6396713256836,161.20521545410156,115.95999908447266
2025-12-11,110.9749984741211,56.70352554321289,37.7859992980957,105.785888671875,161.45066833496094,116.55999755859375
2025-12-12,110.29000091552734,56.37905502319336,37.44900131225586,105.61042022705078,160.9401092529297,117.29000091552734
2025-12-15,110.49500274658203,56.82693862915039,37.54399871826172,105.76639556884766,161.2935791015625,117.37999725341797
2025-12-16,109.7300033569336,56.59016418457031,36.99300003051758,105.73715209960938,161.47030639648438,117.5
2025-12-17,109.28500366210938,56.52110290527344,36.95000076293945,105.70791625976562,160.83212280273438,118.30999755859375
2025-12-18,110.42500305175781,57.093318939208984,37.46500015258789,105.86387634277344,161.224853515625,119.7699966430664
2025-12-19,110.94999694824219,57.32023239135742,37.888999938964844,105.6006851196289,159.7913818359375,119.29000091552734
2025-12-22,111.16500091552734,57.21171188354492,37.80699920654297,105.55194091796875,159.7913818359375,121.29000091552734
2025-12-23,111.4000015258789,57.42875289916992,37.840999603271484,105.82488250732422,161.16592407226562,121.75
2025-12-24,111.5,57.42875289916992,38.012001037597656,105.88337707519531,161.5095672607422,121.75
2025-12-29,111.56500244140625,57.50768280029297,38.12300109863281,106.14656829833984,161.93174743652344,118.63999938964844
2025-12-30,111.80000305175781,57.81352233886719,38.409000396728516,105.9808578491211,161.28375244140625,120.37000274658203
2025-12-31,111.52999877929688,57.81352233886719,38.380001068115234,106.04908752441406,161.53903198242188,120.37000274658203
2026-01-02,111.33499908447266,58.23775100708008,39.13100051879883,105.69815826416016,159.83065795898438,118.22000122070312
2026-01-05,112.73999786376953,58.76063919067383,39.75899887084961,105.93211364746094,160.5670166015625,121.9800033569336
2026-01-06,113.12000274658203,59.086204528808594,40.17300033569336,106.11732482910156,161.20521545410156,123.44000244140625
2026-01-07,113.45500183105469,59.06647491455078,40.04100036621094,106.28304290771484,162.15757751464844,122.80000305175781
2026-01-08,113.27999877929688,58.94808578491211,39.90299987792969,106.25379943847656,161.63722229003906,123.05999755859375
2026-01-09,114.20999908447266,59.5893669128418,40.183998107910156,106.29279327392578,161.82376098632812,124.54000091552734
2026-01-12,114.15499877929688,59.688018798828125,40.481998443603516,106.41951751708984,162.62884521484375,127.19000244140625
2026-01-13,114.32499694824219,59.628822326660156,40.58000183105469,106.40001678466797,162.21649169921875,127.13999938964844
2026-01-14,113.66500091552734,59.70775604248047,40.54899978637695,106.55598449707031,162.81539916992188,127.44999694824219
2026-01-15,114.93000030517578,60.05305480957031,41.143001556396484,106.57958221435547,163.6204833984375,127.7699966430664
2026-01-16,114.7750015258789,60.06291961669922,40.77000045776367,106.53022003173828,163.11976623535156,127.36000061035156
2026-01-19,113.12000274658203,59.263790130615234,40.84299850463867,106.56971740722656,162.67794799804688,129.02999877929688
2026-01-20,112.19000244140625,58.82969665527344,40.327999114990234,106.4117431640625,161.9022979736328,130.0399932861328
2026-01-21,112.29000091552734,58.809967041015625,40.77299880981445,106.2636489868164,161.47030639648438,133.05999755859375
2026-01-22,113.00499725341797,59.47097396850586,41.073001861572266,106.36238098144531,161.9906768798828,133.55999755859375
2026-01-23,112.77999877929688,59.42164611816406,40.89699935913086,106.36238098144531,162.21649169921875,136.24000549316406
2026-01-26,112.37999725341797,59.51043701171875,40.893001556396484,106.6783218383789,163.19830322265625,137.36000061035156
2026-01-27,112.19999694824219,59.865604400634766,41.138999938964844,106.64869689941406,162.9921112060547,136.63999938964844
2026-01-28,112.31999969482422,59.39204788208008,41.48099899291992,106.68818664550781,162.9921112060547,142.36000061035156
2026-01-29,111.4000015258789,59.273658752441406,41.17300033569336,106.8362808227539,163.139404296875,141.69000244140625
2026-01-30,112.19000244140625,59.72748565673828,41.0880012512207,106.73755645751953,162.68775939941406,134.41000366210938
2026-02-02,113.43499755859375,60.35889434814453,41.06100082397461,106.63882446289062,162.45213317871094,127.05999755859375
2026-02-03,112.94000244140625,60.33916473388672,41.525001525878906,106.4808578491211,161.6666717529297,135.64999389648438
2026-02-04,112.62999725341797,60.36875915527344,41.2140007019043,106.6585693359375,162.0102996826172,134.11000061035156
2026-02-05,111.55500030517578,59.8064079284668,41.082000732421875,106.70793914794922,162.38339233398438,132.24000549316406
2026-02-06,112.62999725341797,60.309566497802734,41.45600128173828,106.70793914794922,162.19683837890625,134.27000427246094
2026-02-09,113.2300033569336,60.72392654418945,41.77399826049805,106.78692626953125,162.0397491455078,137.0800018310547
2026-02-10,113.42500305175781,60.68446731567383,41.83000183105469,107.0041275024414,163.18849182128906,135.50999450683594
2026-02-11,113.43499755859375,60.773258209228516,42.24599838256836,107.11273193359375,163.64993286132812,137.30999755859375
2026-02-12,112.34500122070312,60.49701690673828,42.064998626708984,107.20159149169922,164.16049194335938,133.7100067138672
2026-02-13,112.2750015258789,60.4180908203125,42.027000427246094,107.27069854736328,164.52377319335938,135.8300018310547
2026-02-16,111.98500061035156,60.50688552856445,42.20100021362305,107.3003158569336,164.67103576660156,135.32000732421875
2026-02-17,112.30500030517578,60.832454681396484,42.125,107.4188003540039,165.2601318359375,132.5399932861328
2026-02-18,113.53500366210938,61.532920837402344,42.70000076293945,107.43853759765625,165.51541137695312,136.08999633789062
2026-02-19,113.38500213623047,61.22708511352539,42.54600143432617,107.4188003540039,165.4761199951172,136.63999938964844
2026-02-20,113.66999816894531,61.779563903808594,43.16999816894531,107.51752471923828,165.94740295410156,138.3800048828125
2026-02-23,112.91999816894531,61.444129943847656,42.93899917602539,107.6458740234375,166.30087280273438,141.99000549316406
2026-02-24,113.375,61.59211730957031,43.64699935913086,107.68536376953125,166.605224609375,140.25
2026-02-25,114.25,62.05581283569336,43.89799880981445,107.69524383544922,166.72303771972656,141.7899932861328
2026-02-26,114.02999877929688,61.986751556396484,43.553001403808594,107.7446060180664,167.16485595703125,141.3000030517578
2026-02-27,113.57499694824219,62.026214599609375,43.37900161743164,107.9914321899414,168.03868103027344,142.32000732421875
2026-03-02,113.83000183105469,61.019901275634766,42.87900161743164,107.53726959228516,166.605224609375,145.49000549316406
2026-03-03,112.6449966430664,59.194732666015625,41.020999908447266,107.0534896850586,164.60231018066406,141.86000061035156
2026-03-04,113.8550033569336,59.95439910888672,41.444000244140625,107.29044342041016,165.44667053222656,142.33999633789062
2026-03-05,113.24500274658203,59.135536193847656,40.80799865722656,106.69805908203125,163.68922424316406,140.58999633789062
2026-03-06,113.24500274658203,58.602787017822266,40.80799865722656,106.40187072753906,163.35540771484375,140.58999633789062
2026-03-09,111.44000244140625,58.19828796386719,40.62699890136719,106.32289123535156,163.3455810546875,141.50999450683594
2026-03-10,113.01000213623047,59.34272003173828,41.77299880981445,106.68818664550781,164.03286743164062,144.3800048828125
2026-03-11,112.5999984741211,59.00728225708008,41.448001861572266,106.04644775390625,162.10848999023438,143.61000061035156
2026-03-12,112.05999755859375,58.6619758605957,40.67499923706055,105.73049926757812,161.11685180664062,143.05999755859375
2026-03-13,111.90499877929688,58.33641052246094,40.733001708984375,105.63176727294922,160.2921142578125,141.8300018310547
2026-03-16,112.1500015258789,58.58671569824219,41.297000885009766,105.8193588256836,161.14630126953125,139.35000610351562
2026-03-17,112.4000015258789,58.982303619384766,41.612998962402344,106.19453430175781,162.4030303955078,139.47999572753906
2026-03-18,111.7300033569336,58.53726577758789,41.31700134277344,105.9180908203125,161.9415740966797,136.11000061035156
2026-03-19,109.8499984741211,57.08348083496094,40.54399871826172,105.66139221191406,161.96121215820312,127.91000366210938
2026-03-20,108.7699966430664,56.07472610473633,39.702999114990234,104.99989318847656,159.48703002929688,127.55000305175781
2026-03-23,109.18499755859375,56.50987243652344,40.09000015258789,105.1776123046875,160.30194091796875,121.43000030517578
2026-03-24,109.2249984741211,56.687889099121094,39.98099899291992,105.18748474121094,160.44920349121094,122.43000030517578
2026-03-25,110.1500015258789,57.647193908691406,40.69200134277344,105.66139221191406,162.25575256347656,126.55999755859375
2026-03-26,108.98999786376953,56.93513107299805,39.72800064086914,104.82218170166016,159.59503173828125,122.44000244140625
2026-03-27,107.51499938964844,56.42086410522461,39.3390007019043,104.6148452758789,158.02410888671875,126.05000305175781
2026-03-30,108.23500061035156,57.00436019897461,39.48899841308594,105.00977325439453,159.57537841796875,127.63999938964844
2026-03-31,108.05500030517578,57.28126907348633,39.323001861572266,105.36520385742188,160.9990234375,128.8000030517578
2026-04-01,110.33999633789062,58.70539474487305,40.608001708984375,105.38494110107422,161.3033905029297,132.4600067138672
2026-04-02,110.36499786376953,58.58671569824219,40.08000183105469,105.5231704711914,161.18557739257812,130.10000610351562
2026-04-07,109.70500183105469,57.99333190917969,39.98899841308594,104.98015594482422,159.30047607421875,129.1699981689453
2026-04-08,112.50499725341797,60.337196350097656,42.1609992980957,106.1846694946289,162.61903381347656,130.8699951171875
2026-04-09,112.67500305175781,60.27785873413086,42.047000885009766,105.7699966430664,161.03829956054688,131.75
2026-04-10,112.9800033569336,60.465763092041016,42.37799835205078,105.58241271972656,159.81103515625,130.77000427246094
2026-04-13,112.94499969482422,60.36686706542969,42.22800064086914,105.31583404541016,158.7506561279297,129.39999389648438
2026-04-14,114.19999694824219,60.91080093383789,43.00199890136719,105.75025177001953,160.04666137695312,131.1199951171875
2026-04-15,114.63500213623047,60.722896575927734,43.11600112915039,105.6910171508789,159.63429260253906,130.8000030517578
2026-04-16,115.31500244140625,60.6932258605957,43.4640007019043,105.77986907958984,159.84048461914062,131.14999389648438
2026-04-17,116.67500305175781,61.662418365478516,44.35200119018555,106.32289123535156,161.5684814453125,132.66000366210938
2026-04-20,116.21499633789062,61.13826370239258,43.82899856567383,106.17478942871094,161.27392578125,131.1300048828125
2026-04-21,116.0999984741211,60.64377975463867,43.749000549316406,105.95758056640625,160.76339721679688,129.7899932861328
2026-04-22,116.59500122070312,60.48554229736328,44.2869987487793,105.96746063232422,161.136474609375,129.75
2026-04-23,116.98500061035156,60.51520919799805,44.064998626708984,105.9378433227539,161.136474609375,129.97000122070312
2026-04-24,116.7300033569336,60.18885040283203,44.38199996948242,105.90821838378906,161.11685180664062,129.64999389648438
2026-04-27,116.6050033569336,60.040504455566406,44.38100051879883,105.73049926757812,160.13502502441406,128.22999572753906
2026-04-28,116.26499938964844,59.81304168701172,43.821998596191406,105.54291534423828,159.68338012695312,125.5999984741211
2026-04-29,116.30500030517578,59.5064582824707,44.018001556396484,105.3553237915039,159.4182891845703,125.08000183105469
2026-04-30,117.05500030517578,60.37675476074219,44.308998107910156,105.78974151611328,160.87139892578125,126.70999908447266
2026-05-04,117.36000061035156,59.68447494506836,44.96200180053711,105.39482116699219,159.54592895507812,124.62000274658203
2026-05-05,118.20999908447266,60.297637939453125,45.82500076293945,105.58241271972656,159.86012268066406,125.69999694824219
2026-05-06,119.58000183105469,61.63275146484375,46.79499816894531,106.20440673828125,161.74522399902344,128.36000061035156
2026-05-07,119.62999725341797,60.90091323852539,46.775001525878906,106.12542724609375,161.6961212158203,129.66000366210938
2026-05-08,119.51000213623047,60.62399673461914,47.04999923706055,106.1649169921875,161.82376098632812,128.7100067138672
2026-05-11,119.93000030517578,60.70311737060547,47.209999084472656,105.96746063232422,160.9597625732422,129.13999938964844
2026-05-12,119.16000366210938,60.07017517089844,45.540000915527344,105.51329803466797,159.5164794921875,127.77999877929688
2026-05-13,120.43000030517578,60.594329833984375,46.790000915527344,105.51329803466797,159.40847778320312,128.89999389648438
2026-05-14,121.98999786376953,61.237159729003906,47.189998626708984,105.89834594726562,160.91065979003906,129.10000610351562
2026-05-15,121.0,60.139404296875,45.89500045776367,105.2763442993164,158.28919982910156,125.76000213623047
2026-05-18,120.38999938964844,60.594329833984375,45.540000915527344,105.28621673583984,158.0731964111328,125.33999633789062
2026-05-19,120.30000305175781,60.633888244628906,45.02000045776367,105.14799499511719,157.62155151367188,124.79000091552734
2026-05-20,121.37999725341797,61.642642974853516,45.869998931884766,105.70088195800781,159.8502960205078,125.43000030517578
2026-05-21,121.5199966430664,61.642642974853516,45.92499923706055,105.62190246582031,159.6199951171875,125.16000366210938
2026-05-22,122.83000183105469,62.18657684326172,46.56999969482422,106.02669525146484,161.22000122070312,125.30999755859375
2026-05-25,123.52999877929688,63.23488235473633,47.39500045776367,106.68818664550781,163.19000244140625,126.2300033569336
2026-05-26,123.11000061035156,62.46348571777344,47.80500030517578,106.45123291015625,162.55999755859375,124.70999908447266
2026-05-27,122.88999938964844,62.43381881713867,47.849998474121094,106.42161560058594,162.3800048828125,122.6500015258789
2026-05-28,123.16999816894531,62.19646453857422,47.96500015258789,106.60920715332031,162.97000122070312,123.69999694824219
2026-05-29,123.37999725341797,62.216243743896484,47.97999954223633,106.8066635131836,163.8000030517578,126.0199966430664
2026-06-01,123.7300033569336,61.89977264404297,48.94499969482422,106.33275604248047,161.86000061035156,123.83000183105469
2026-06-02,124.29000091552734,62.265689849853516,49.494998931884766,106.56971740722656,162.75,124.58000183105469
2026-06-03,123.91000366210938,61.82065200805664,48.94499969482422,106.1649169921875,161.2100067138672,123.04000091552734
2026-06-04,123.87000274658203,62.19646453857422,48.21500015258789,106.22415161132812,161.27000427246094,123.73999786376953
2026-06-05,123.33000183105469,61.949222564697266,46.540000915527344,106.12542724609375,161.08999633789062,121.12000274658203
2026-06-08,122.6500015258789,61.86021423339844,46.45500183105469,105.98719787597656,160.52999877929688,120.7699966430664
2026-06-09,120.8499984741211,61.53385543823242,46.095001220703125,106.00695037841797,160.27999877929688,118.94000244140625
2026-06-10,120.73999786376953,61.47451400756836,45.970001220703125,105.89834594726562,160.02000427246094,114.81999969482422
2026-06-11,120.88999938964844,61.8701057434082,46.44499969482422,106.1846694946289,161.25,113.87000274658203
2026-06-12,122.80999755859375,63.02720260620117,47.8650016784668,106.44136047363281,161.82000732421875,117.20999908447266
2026-06-15,124.23999786376953,63.08000183105469,49.130001068115234,106.78692626953125,162.77000427246094,120.66999816894531
2026-06-16,124.13999938964844,63.25,48.60499954223633,106.88565063476562,163.39999389648438,119.87000274658203
2026-06-17,124.20999908447266,63.630001068115234,49.2599983215332,106.88565063476562,164.02000427246094,120.83999633789062
2026-06-18,124.62000274658203,63.36000061035156,50.20000076293945,106.88565063476562,164.27000427246094,118.56999969482422
2026-06-19,124.81999969482422,63.220001220703125,49.79499816894531,106.52034759521484,162.3699951171875,116.43000030517578
2026-06-22,125.02999877929688,63.630001068115234,50.72999954223633,106.74742889404297,163.13999938964844,117.61000061035156
2026-06-23,123.98999786376953,63.18000030517578,48.45000076293945,106.9745101928711,163.85000610351562,116.75
2026-06-24,124.73999786376953,63.29999923706055,48.505001068115234,107.2509536743164,165.2100067138672,113.5
2026-06-25,124.08999633789062,63.790000915527344,48.72999954223633,107.28057861328125,165.47999572753906,113.68000030517578
2026-06-26,123.7300033569336,63.33000183105469,48.185001373291016,107.33981323242188,165.2899932861328,115.12999725341797
2026-06-29,123.87000274658203,63.36000061035156,47.75,107.28057861328125,165.1199951171875,113.2300033569336
2026-06-30,125.12999725341797,63.939998626708984,48.79499816894531,107.27069854736328,165.02999877929688,113.4800033569336
2026-07-01,125.86000061035156,63.7400016784668,48.2599983215332,107.14234924316406,164.10000610351562,115.2300033569336
2026-07-02,125.2300033569336,64.66000366210938,47.31999969482422,107.14234924316406,163.3699951171875,116.04000091552734
2026-07-03,125.73999786376953,65.05999755859375,48.38999938964844,106.99425506591797,162.8300018310547,117.13999938964844
2026-07-06,126.3499984741211,64.86000061035156,48.494998931884766,106.87577819824219,162.47999572753906,116.9000015258789
2026-07-07,125.4000015258789,64.44999694824219,46.70500183105469,106.63882446289062,161.52999877929688,116.62999725341797
2026-07-08,124.47000122070312,63.45000076293945,46.7400016784668,105.95758056640625,159.19000244140625,113.69999694824219
2026-07-09,125.72000122070312,63.91999816894531,47.744998931884766,106.2636489868164,160.0399932861328,116.0999984741211
2026-07-10,126.1500015258789,63.9900016784668,47.89500045776367,106.4117431640625,160.6699981689453,115.43000030517578
2026-07-13,126.33000183105469,63.9900016784668,46.79499816894531,106.10568237304688,159.92999267578125,113.29000091552734
2026-07-14,126.08999633789062,63.970001220703125,46.915000915527344,106.12542724609375,160.11000061035156,114.66000366210938
2026-07-15,126.29000091552734,64.11000061035156,46.78499984741211,105.98719787597656,159.60000610351562,113.83999633789062
2026-07-16,126.26000213623047,64.19999694824219,46.2400016784668,105.86000061035156,158.89999389648438,112.7699966430664
2026-07-17,124.8499984741211,63.959999084472656,45.29499816894531,105.9000015258789,159.4199981689453,112.79000091552734
2026-07-20,125.26000213623047,63.7400016784668,45.775001525878906,105.80000305175781,158.8300018310547,113.13999938964844
2026-07-21,125.75,64.11000061035156,46.77000045776367,105.7300033569336,158.50999450683594,114.98999786376953
2026-07-22,126.02999877929688,64.44999694824219,46.625,105.58999633789062,158.52999877929688,117.19000244140625
2026-07-23,124.4000015258789,63.70000076293945,46.09000015258789,105.3499984741211,157.89999389648438,114.52999877929688
2026-07-24,125.26000213623047,64.2300033569336,45.86000061035156,105.66999816894531,158.92999267578125,115.11000061035156
2026-07-27,124.75,64.19000244140625,45.33000183105469,105.98999786376953,159.94000244140625,115.16000366210938
2026-07-28,125.18000030517578,64.48999786376953,44.90999984741211,106.12999725341797,160.32000732421875,113.83999633789062
2026-07-29,124.33000183105469,64.30999755859375,44.025001525878906,105.80000305175781,159.27999877929688,113.36000061035156
2026-07-30,123.69000244140625,64.80999755859375,44.720001220703125,105.80999755859375,158.75,114.44999694824219
2026-07-31,124.2300033569336,64.7300033569336,45.310001373291016,105.62000274658203,158.0,112.93000030517578
2026-08-03,126.12000274658203,65.05000305175781,45.45500183105469,106.05000305175781,159.25,112.80999755859375
2026-08-04,127.80000305175781,65.56999969482422,46.75,106.12000274658203,160.16000366210938,113.9000015258789
2026-08-05,128.25999450683594,65.55000305175781,46.790000915527344,106.31999969482422,160.36000061035156,118.5999984741211
2026-08-06,128.1199951171875,65.69999694824219,46.564998626708984,106.23999786376953,159.92999267578125,118.5999984741211
2026-08-07,128.64999389648438,65.91999816894531,46.51499938964844,106.22000122070312,159.86000061035156,121.0999984741211
2026-08-10,128.75,65.9000015258789,46.3849983215332,105.94999694824219,158.75999450683594,121.19999694824219
2026-08-11,128.6999969482422,65.94999694824219,46.67499923706055,106.05000305175781,159.1199951171875,122.01000213623047
2026-08-12,128.8000030517578,65.91000366210938,47.224998474121094,106.12999725341797,159.07000732421875,123.18000030517578
2026-08-13,129.38999938964844,65.93000030517578,47.4900016784668,106.12999725341797,159.47999572753906,121.66000366210938
2026-08-14,128.83999633789062,65.76000213623047,47.13999938964844,105.87000274658203,157.6199951171875,121.83000183105469
2026-08-17,128.72000122070312,65.62999725341797,47.974998474121094,105.69000244140625,156.97000122070312,122.79000091552734
